name,symbol,contractAddress,sessionCategory,sessionCategoryReason,marketCap,fdv,peakMarketCap,athEstimate,peakConfidence,observedAthMarketCap,volume24h,volumeField,liquidityUsd,priceUsd,priceChange24h,buys24h,sells24h,dexId,pairAddress,dexScreenerUrl,wallets,tokenCreatedAtIso,pairCreatedAtIso,firstBuyAtIso,detectedAtIso,filterReason
tomato,TOMATO,9HryiH3tgCdJJ4HA7hQfwBrqeh8EczA2t1qVCoNKpump,EU,Classified as EU using token creation time,2307.57,2307.57,24264.275938819086,24264.275938819086,history,24264.275938819086,69828,h24,,0.000002307,-25.23,662,563,pumpfun,KpbnCKsULAsiWgaPF82drDz338kePA9hBTkrMxBZBSK,https://dexscreener.com/solana/kpbncksulasiwgapf82drdz338kepa9hbtkrmxbzbsk,suqh5sHtr8HyJ7q8scBimULPkPpA557prMG47xCHQfK; FxN3VZ4BosL5urG2yoeQ156JSdmavm9K5fdLxjkPmaMR; 2fg5QD1eD7rzNNCsvnhmXFm5hqNgwTTG8p7kQ6f3rx6f,2026-07-05T14:28:25.000Z,2026-07-05T14:28:25.000Z,2026-07-05T14:28:37.000Z,2026-07-06T03:25:43.126Z,"✓ bought by 3 wallet(s); ✓ peak≈$24,264 >= floor $10,000 [history]; ✓ peak≈$24,264 <= ceiling $25,000; ✓ vol(h24)=$69,828 >= $10,000; ✓ chain=solana"
The Crypto Bulls,BULLS,8owrWgTDXH5bksAJ84vuCRJqxzBNW1XxGVt6xwgqpump,EU,Classified as EU using DEX Screener pairCreatedAt,2282.67,2282.67,23671.047091454842,23671.047091454842,history,23671.047091454842,83005.12,h24,,0.000002282,-25.37,920,1122,pumpfun,9svoBZGJH6kXGKtwbExF6wZEcsKPSquFT8hM3B4EftRe,https://dexscreener.com/solana/9svobzgjh6kxgktwbexf6wzecskpsquft8hm3b4eftre,8rvAsDKeAcEjEkiZMug9k8v1y8mW6gQQiMobd89Uy7qR; CXdZ6m2PotNq4D7zKK3af426ohGro1xingNuf68SoKmv; VJSDW6S74YXR4rRR9P4xwhMvLZJQMhrUb8XMFirUsy1; D4yrdUWHTf2wUWr7TZc3gZdMLsZ77y6RfHN4U28etf1j,,2026-07-05T11:02:43.000Z,2026-07-05T11:03:32.000Z,2026-07-06T03:25:43.126Z,"✓ bought by 4 wallet(s); ✓ peak≈$23,671 >= floor $10,000 [history]; ✓ peak≈$23,671 <= ceiling $25,000; ✓ vol(h24)=$83,005 >= $10,000; ✓ chain=solana"
Justice For Cody Harper,Cody,HZqYb9FfbVejUVqLfUCRWaVh9sUBkJA37gmDEkuWpump,EU,Classified as EU using DEX Screener pairCreatedAt,2874.67,2874.67,23404.429234524585,23404.429234524585,history,23404.429234524585,122507.9,h24,,0.000002874,4.45,1909,1357,pumpfun,4x5xG3K4RQfBKzYB5i6aWaScBc85ZBiDHhr7Z6KprYGT,https://dexscreener.com/solana/4x5xg3k4rqfbkzyb5i6awascbc85zbidhhr7z6kprygt,CXdZ6m2PotNq4D7zKK3af426ohGro1xingNuf68SoKmv; 71PCu3E4JP5RDBoY6wJteqzxkKNXLyE1byg5BTAL9UtQ; ardinRsN1mNYVeoJWTBsWeYeXvuR9UUDGMsCDKpb6AT; gangJEP5geDHjPVRhDS5dTF5e6GtRvtNogMEEVs91RV,,2026-07-05T08:39:49.000Z,2026-07-05T08:39:49.000Z,2026-07-06T03:25:43.126Z,"✓ bought by 4 wallet(s); ✓ peak≈$23,404 >= floor $10,000 [history]; ✓ peak≈$23,404 <= ceiling $25,000; ✓ vol(h24)=$122,508 >= $10,000; ✓ chain=solana"
Coin,C,6bmocWSQ6wmh9M2SG7AsF9Fqi2Aw4SzH6Ar1B9ygpump,EU,Classified as EU using DEX Screener pairCreatedAt,2308.58,2308.58,23354.542938164515,23355.800991710832,history,23355.800991710832,96858.56,h24,,0.000002308,-15.14,1263,1070,pumpfun,CedzkNVfQHUa7TWpjKcwekSmsDaoxhnr6PmS2qfhBtys,https://dexscreener.com/solana/cedzknvfqhua7twpjkcweksmsdaoxhnr6pms2qfhbtys,ardinRsN1mNYVeoJWTBsWeYeXvuR9UUDGMsCDKpb6AT; 6S8GezkxYUfZy9JPtYnanbcZTMB87Wjt1qx3c6ELajKC; D4yrdUWHTf2wUWr7TZc3gZdMLsZ77y6RfHN4U28etf1j,,2026-07-05T12:10:03.000Z,2026-07-05T12:10:08.000Z,2026-07-06T03:25:43.126Z,"✓ bought by 3 wallet(s); ✓ peak≈$23,356 >= floor $10,000 [history]; ✓ peak≈$23,356 <= ceiling $25,000; ✓ vol(h24)=$96,859 >= $10,000; ✓ chain=solana"
Ansemrot,Ansemrot,BRfTTfP6n5X1QcCV3UA3C9jEc7xUpgzXJ2qgSdmNpump,EU,Classified as EU using DEX Screener pairCreatedAt,18051.78,18051.78,23352.060740418456,23352.060740418456,history,23352.060740418456,50166.93,h24,,0.00001805,375,812,776,pumpfun,FARwdTWru5SAxZjRQ8eDwGT49Pa3cajBxM4Aob5kQgWj,https://dexscreener.com/solana/farwdtwru5saxzjrq8edwgt49pa3cajbxm4aob5kqgwj,CyaE1VxvBrahnPWkqm5VsdCvyS2QmNht2UFrKJHga54o; CXdZ6m2PotNq4D7zKK3af426ohGro1xingNuf68SoKmv; FhZmTCs7enzPDN1RpgJPUcZPfX6FKJ9uqj7ch2jtggGW; gangJEP5geDHjPVRhDS5dTF5e6GtRvtNogMEEVs91RV,,2026-07-06T03:14:48.000Z,2026-07-06T03:14:51.000Z,2026-07-06T03:25:43.126Z,"✓ bought by 4 wallet(s); ✓ peak≈$23,352 >= floor $10,000 [history]; ✓ peak≈$23,352 <= ceiling $25,000; ✓ vol(h24)=$50,167 >= $10,000; ✓ chain=solana"
ノア、黒狐,NOAH,5LgzhDGVbXCpgVbZtruP7GSufHoFbx8Lp1ssiYdypump,EU,Classified as EU using DEX Screener pairCreatedAt,3190.79,3190.79,22967.94791848597,22967.94791848597,history,22967.94791848597,147617.16,h24,,0.00000319,17.4,2807,1897,pumpfun,7vcJJqUZYxMqaQdGxh34Copik9PoVW7gyBiL5hxLFkcB,https://dexscreener.com/solana/7vcjjquzyxmqaqdgxh34copik9povw7gybil5hxlfkcb,5PwAReW84atT9p3NkKv1aWMR4Fiq8DjFqo51QVVD4djQ; FM1YCKED2KaqB8Uat8aB1nsffR1vezr7s6FAEieXJgke,,2026-07-05T05:38:05.000Z,2026-07-05T05:38:27.000Z,2026-07-06T03:25:43.126Z,"✓ bought by 2 wallet(s); ✓ peak≈$22,968 >= floor $10,000 [history]; ✓ peak≈$22,968 <= ceiling $25,000; ✓ vol(h24)=$147,617 >= $10,000; ✓ chain=solana"
The Gold Diggers,TGD,Gkzhbty5swEfAkAAVGJwA6ueN3d748kjhYv52hcjaoBr,EU,Classified as EU using token creation time,3482,3482,22770.85301834475,22770.85301834475,history,22770.85301834475,48451.78,h24,5378.76,3.48,72.48,641,448,raydium,GRDC13vXYtgxn5JT34WLeN2pozDFKXJyvwvdF9QSfhUt,https://dexscreener.com/solana/grdc13vxytgxn5jt34wlen2pozdfkxjyvwvdf9qsfhut,J6TDXvarvpBdPXTaTU8eJbtso1PUCYKGkVtMKUUY8iEa; FhZmTCs7enzPDN1RpgJPUcZPfX6FKJ9uqj7ch2jtggGW,2026-07-05T05:49:57.000Z,2026-07-05T05:57:12.000Z,2026-07-05T06:26:16.000Z,2026-07-06T03:25:43.126Z,"✓ bought by 2 wallet(s); ✓ peak≈$22,771 >= floor $10,000 [history]; ✓ peak≈$22,771 <= ceiling $25,000; ✓ vol(h24)=$48,452 >= $10,000; ✓ chain=solana"
Flying Ketamine Bull,FKB,3VG8AypBJLDxWaA6v9QT1L8J6wN6pk15fXdbkkvLpump,EU,Classified as EU using token creation time,2309.4,2309.4,22537.370089051878,22537.370089051878,history,22537.370089051878,18579.58,h24,,0.000002309,-68.03,211,167,pumpfun,GWzyzPQN3p5sHi7zmWhUUm62KjK3XgSqM87ESMMxkyiP,https://dexscreener.com/solana/gwzyzpqn3p5shi7zmwhuum62kjk3xgsqm87esmmxkyip,6PX4xuN4TLPCL2GqtUZf2Q6iTjwfGbc9vcK33sinN3wP,2026-07-05T11:35:36.000Z,2026-07-05T11:35:36.000Z,2026-07-05T11:35:36.000Z,2026-07-06T03:25:43.126Z,"✓ bought by 1 wallet(s); ✓ peak≈$22,537 >= floor $10,000 [history]; ✓ peak≈$22,537 <= ceiling $25,000; ✓ vol(h24)=$18,580 >= $10,000; ✓ chain=solana"
Goob,Goob,5aBuHkPMH8g8SXbapGqS2fuS748F658T9QMFYGe3pump,EU,Classified as EU using token creation time,14993.08,14993.08,22371.79801788415,22371.79801788415,history,22371.79801788415,54951.79,h24,,0.00001499,202,805,529,pumpfun,GJaB3DAXQSdREj4A21QBnYuTS2RLMK3RtP2AmfGra3g7,https://dexscreener.com/solana/gjab3daxqsdrej4a21qbnyuts2rlmk3rtp2amfgra3g7,suqh5sHtr8HyJ7q8scBimULPkPpA557prMG47xCHQfK; PMJA8UQDyWTFw2Smhyp9jGA6aTaP7jKHR7BPudrgyYN; FxN3VZ4BosL5urG2yoeQ156JSdmavm9K5fdLxjkPmaMR; CyaE1VxvBrahnPWkqm5VsdCvyS2QmNht2UFrKJHga54o; 2fg5QD1eD7rzNNCsvnhmXFm5hqNgwTTG8p7kQ6f3rx6f; Bi4rd5FH5bYEN8scZ7wevxNZyNmKHdaBcvewdPFxYdLt; JDd3hy3gQn2V982mi1zqhNqUw1GfV2UL6g76STojCJPN; gangJEP5geDHjPVRhDS5dTF5e6GtRvtNogMEEVs91RV,2026-07-06T03:19:03.000Z,2026-07-06T03:19:03.000Z,2026-07-06T03:19:04.000Z,2026-07-06T03:25:43.126Z,"✓ bought by 8 wallet(s); ✓ peak≈$22,372 >= floor $10,000 [history]; ✓ peak≈$22,372 <= ceiling $25,000; ✓ vol(h24)=$54,952 >= $10,000; ✓ chain=solana"
SYBIL SOLUTIONS,SYBIL,9Xh5PU5YJiwMqDQFbjq3iNB34yZCuVKqo3o5NTDxpump,EU,Classified as EU using token creation time,2609.82,2609.82,22117.6697072573,22117.6697072573,history,22117.6697072573,20304.65,h24,,0.000002609,-0.58,209,151,pumpfun,5xT3LyaHtW9P7yFwjUvreGJ3LkDKAfjidyVmpZDfNB4Q,https://dexscreener.com/solana/5xt3lyahtw9p7yfwjuvregj3lkdkafjidyvmpzdfnb4q,DZAa55HwXgv5hStwaTEJGXZz1DhHejvpb7Yr762urXam,2026-03-20T13:04:48.000Z,2026-03-20T13:04:48.000Z,2026-07-05T23:56:06.000Z,2026-07-06T03:25:43.126Z,"✓ bought by 1 wallet(s); ✓ peak≈$22,118 >= floor $10,000 [history]; ✓ peak≈$22,118 <= ceiling $25,000; ✓ vol(h24)=$20,305 >= $10,000; ✓ chain=solana"
lucy automaton,(⊙ _ ⊙ ),97sChQmjayRD2FPqzuh43Lofkq8jXd2Ftucrn66Zpump,EU,Classified as EU using token creation time,2319.65,2319.65,22023.869462347266,22023.869462347266,history,22023.869462347266,96906.68,h24,,0.000002319,2.04,1651,1293,pumpfun,DRwowdB8u4q8EzjBya3NECdfL6hsTjrEq5HZKQVgCdwx,https://dexscreener.com/solana/drwowdb8u4q8ezjbya3necdfl6hstjreq5hzkqvgcdwx,BtMBMPkoNbnLF9Xn552guQq528KKXcsNBNNBre3oaQtr; BCagckXeMChUKrHEd6fKFA1uiWDtcmCXMsqaheLiUPJd,2026-07-05T08:34:31.000Z,2026-07-05T08:34:31.000Z,2026-07-05T08:40:25.000Z,2026-07-06T03:25:43.126Z,"✓ bought by 2 wallet(s); ✓ peak≈$22,024 >= floor $10,000 [history]; ✓ peak≈$22,024 <= ceiling $25,000; ✓ vol(h24)=$96,907 >= $10,000; ✓ chain=solana"
Minequest,Minequest,3vH6Q3P5DKv6ukEJu5oFBugd7g9iN9AQgcXi8Ut2pump,EU,Classified as EU using token creation time,2448.83,2448.83,21684.846134225176,21684.846134225176,history,21684.846134225176,64773.41,h24,,0.000002448,-52.7,1005,745,pumpfun,Au62sW96CP5jkpZygsqNTdCgBtkQ78X5p9ECBbjUYgex,https://dexscreener.com/solana/au62sw96cp5jkpzygsqntdcgbtkq78x5p9ecbbjuygex,4vw54BmAogeRV3vPKWyFet5yf8DTLcREzdSzx4rw9Ud9,2026-07-05T14:11:46.000Z,2026-07-05T14:11:46.000Z,2026-07-05T14:29:24.000Z,2026-07-06T03:25:43.126Z,"✓ bought by 1 wallet(s); ✓ peak≈$21,685 >= floor $10,000 [history]; ✓ peak≈$21,685 <= ceiling $25,000; ✓ vol(h24)=$64,773 >= $10,000; ✓ chain=solana"
pu ̶m̶p,pup,5VtvnbFvV7cAYmt38BrxTTCPe6KvsvFPTFqicGY5pump,EU,Classified as EU using DEX Screener pairCreatedAt,2333.37,2333.37,21551.21562237984,21551.21562237984,history,21551.21562237984,87336.48,h24,,0.000002333,-39.47,1370,1210,pumpfun,HjxBngv7sBXRF1qntuPaCCz2CTRhKTyov5KMDCwsMjfV,https://dexscreener.com/solana/hjxbngv7sbxrf1qntupaccz2ctrhktyov5kmdcwsmjfv,73LnJ7G9ffBDjEBGgJDdgvLUhD5APLonKrNiHsKDCw5B; CXdZ6m2PotNq4D7zKK3af426ohGro1xingNuf68SoKmv; 4vw54BmAogeRV3vPKWyFet5yf8DTLcREzdSzx4rw9Ud9,,2026-07-05T13:50:21.000Z,2026-07-05T13:50:46.000Z,2026-07-06T03:25:43.126Z,"✓ bought by 3 wallet(s); ✓ peak≈$21,551 >= floor $10,000 [history]; ✓ peak≈$21,551 <= ceiling $25,000; ✓ vol(h24)=$87,336 >= $10,000; ✓ chain=solana"
Pathetic Front,Pathetic,qZSnTqzFYZ1ykpR6v9Z4JcsNZLHhUXYsV4tw9Dzpump,EU,Classified as EU using DEX Screener pairCreatedAt,3708.04,3708.04,21462.44690633285,21464.201154197253,history,21464.201154197253,59312.08,h24,,0.000003708,-39.87,1179,881,pumpfun,5nQfUA1dXXz2SqZviphHuE1JU8UTyig8a6H5GmGxE9RE,https://dexscreener.com/solana/5nqfua1dxxz2sqzviphhue1ju8utyig8a6h5gmgxe9re,FM1YCKED2KaqB8Uat8aB1nsffR1vezr7s6FAEieXJgke; 5ZuV8eqkvzYFVEKbLvGBdexL2tFv7E5BCd2HZpjqbdg; D4yrdUWHTf2wUWr7TZc3gZdMLsZ77y6RfHN4U28etf1j,,2026-07-05T10:23:56.000Z,2026-07-05T10:23:56.000Z,2026-07-06T03:25:43.126Z,"✓ bought by 3 wallet(s); ✓ peak≈$21,464 >= floor $10,000 [history]; ✓ peak≈$21,464 <= ceiling $25,000; ✓ vol(h24)=$59,312 >= $10,000; ✓ chain=solana"
The Crypto Bulls,BULLS,9cka196mcbHdWYmPFsSCbcwTLtcEf8hyEnNY4WPbRafz,EU,Classified as EU using token creation time,2280.59,2280.59,21088.61248115172,21088.61248115172,history,21088.61248115172,33128.87,h24,,0.00000228,-20.81,354,394,pumpfun,4ap9Hxcjwj7GbdinZ7oLKdHWBFC74utYoosAVCkth4xp,https://dexscreener.com/solana/4ap9hxcjwj7gbdinz7olkdhwbfc74utyoosavckth4xp,FM1YCKED2KaqB8Uat8aB1nsffR1vezr7s6FAEieXJgke,2026-07-05T10:54:56.000Z,2026-07-05T10:54:56.000Z,2026-07-05T10:55:55.000Z,2026-07-06T03:25:43.126Z,"✓ bought by 1 wallet(s); ✓ peak≈$21,089 >= floor $10,000 [history]; ✓ peak≈$21,089 <= ceiling $25,000; ✓ vol(h24)=$33,129 >= $10,000; ✓ chain=solana"
The Chud Tiger,Goldberg,6wyFBLSfn6s925Wpq9dHurPtYSUT4RnpRz9Nh8oVpump,EU,Classified as EU using DEX Screener pairCreatedAt,3492.52,3492.52,20933.062944117286,20933.062944117286,history,20933.062944117286,28777.07,h24,,0.000003492,-15.19,288,274,pumpfun,GFurrgjAsLygGSb5eGUgfGpRCZSfK4sR9wRmvjUTTjb,https://dexscreener.com/solana/gfurrgjaslyggsb5egugfgprczsfk4sr9wrmvjuttjb,VJSDW6S74YXR4rRR9P4xwhMvLZJQMhrUb8XMFirUsy1,,2026-07-04T11:03:43.000Z,2026-07-05T11:16:35.000Z,2026-07-06T03:25:43.126Z,"✓ bought by 1 wallet(s); ✓ peak≈$20,933 >= floor $10,000 [history]; ✓ peak≈$20,933 <= ceiling $25,000; ✓ vol(h24)=$28,777 >= $10,000; ✓ chain=solana"
回転するサメ,BLÅHAJ,6X1uoxyKHd8t6ZFFnYqEEFfKtY1gJac7TqgiEt3Dpump,EU,Classified as EU using DEX Screener pairCreatedAt,8898.07,8898.07,20694.616526989783,20694.616526989783,history,20694.616526989783,114083.43,h24,,0.000008898,83.8,1672,1297,pumpfun,5pYm39oAYe1Zpm4fA4R4usGk7Doz4ZXhUuNrZ2rVXSCF,https://dexscreener.com/solana/5pym39oaye1zpm4fa4r4usgk7doz4zxhuunrz2rvxscf,VJSDW6S74YXR4rRR9P4xwhMvLZJQMhrUb8XMFirUsy1,,2026-07-05T14:17:49.000Z,2026-07-05T14:26:25.000Z,2026-07-06T03:25:43.126Z,"✓ bought by 1 wallet(s); ✓ peak≈$20,695 >= floor $10,000 [history]; ✓ peak≈$20,695 <= ceiling $25,000; ✓ vol(h24)=$114,083 >= $10,000; ✓ chain=solana"
Geometry Dash Dog,TOYTOY,5f37pCJxfMYSsBXG5GHPsYtg7RmAtgXUqPuumwTWpump,EU,Classified as EU using DEX Screener pairCreatedAt,2466.45,2466.45,20401.85840495719,20403.809771099033,history,20403.809771099033,100871.32,h24,,0.000002466,-9.59,1879,1443,pumpfun,DJ9rwu754VCWsDMU6KdtdExqVhVNGrUCyYG5akBX43uH,https://dexscreener.com/solana/dj9rwu754vcwsdmu6kdtdexqvhvngrucyyg5akbx43uh,9iaawVBEsFG35PSwd4PahwT8fYNQe9XYuRdWm872dUqY; 71PCu3E4JP5RDBoY6wJteqzxkKNXLyE1byg5BTAL9UtQ; ardinRsN1mNYVeoJWTBsWeYeXvuR9UUDGMsCDKpb6AT; gangJEP5geDHjPVRhDS5dTF5e6GtRvtNogMEEVs91RV,,2026-07-05T07:51:16.000Z,2026-07-05T07:52:10.000Z,2026-07-06T03:25:43.126Z,"✓ bought by 4 wallet(s); ✓ peak≈$20,404 >= floor $10,000 [history]; ✓ peak≈$20,404 <= ceiling $25,000; ✓ vol(h24)=$100,871 >= $10,000; ✓ chain=solana"
The Bulltard,Bulltard,DSWa2636ucPx55SohknsTTfean5gazUccvntSJCLpump,EU,Classified as EU using token creation time,2283.21,2283.21,20054.98577654853,20054.98577654853,history,20054.98577654853,34596.99,h24,,0.000002283,-2.14,449,523,pumpfun,9XLpJvxY2tykPZFNJc2fYv25Y8NUjykE1aUqFVsJaw1T,https://dexscreener.com/solana/9xlpjvxy2tykpzfnjc2fyv25y8nujyke1auqfvsjaw1t,9iaawVBEsFG35PSwd4PahwT8fYNQe9XYuRdWm872dUqY,2026-07-05T10:52:45.000Z,2026-07-05T10:52:45.000Z,2026-07-05T10:58:32.000Z,2026-07-06T03:25:43.126Z,"✓ bought by 1 wallet(s); ✓ peak≈$20,055 >= floor $10,000 [history]; ✓ peak≈$20,055 <= ceiling $25,000; ✓ vol(h24)=$34,597 >= $10,000; ✓ chain=solana"
The American Bull,AMERICAN,DXkvUsm7fai3N8iewsSd69nS7A5r4TRHZkz7ZNRGpump,EU,Classified as EU using DEX Screener pairCreatedAt,2278.94,2278.94,19690.448887821396,19690.448887821396,history,19690.448887821396,47544.11,h24,,0.000002278,-11.68,770,559,pumpfun,34sZHxzjxXmcBFk4wcgU1tFuwPXLMSPQFMpXEw3TnqnY,https://dexscreener.com/solana/34szhxzjxxmcbfk4wcgu1tfuwpxlmspqfmpxew3tnqny,suqh5sHtr8HyJ7q8scBimULPkPpA557prMG47xCHQfK; FxN3VZ4BosL5urG2yoeQ156JSdmavm9K5fdLxjkPmaMR; 2fg5QD1eD7rzNNCsvnhmXFm5hqNgwTTG8p7kQ6f3rx6f; Bi4rd5FH5bYEN8scZ7wevxNZyNmKHdaBcvewdPFxYdLt,,2026-07-05T14:38:13.000Z,2026-07-05T14:38:35.000Z,2026-07-06T03:25:43.126Z,"✓ bought by 4 wallet(s); ✓ peak≈$19,690 >= floor $10,000 [history]; ✓ peak≈$19,690 <= ceiling $25,000; ✓ vol(h24)=$47,544 >= $10,000; ✓ chain=solana"
The exposing sheep,STACCoverflow,EtMNsuKUKyuNLUd6rNV4an4uQupANCrPAY1gZ7Rypump,EU,Classified as EU using token creation time,2501.8,2501.8,18917.04834190847,18917.04834190847,history,18917.04834190847,92399.74,h24,,0.000002501,-7.97,1110,766,pumpfun,DdGCfTxDyJ2FF3TsC8R41aadTva94HdC5qst5uMcJd5U,https://dexscreener.com/solana/ddgcftxdyj2ff3tsc8r41aadtva94hdc5qst5umcjd5u,D4yrdUWHTf2wUWr7TZc3gZdMLsZ77y6RfHN4U28etf1j,2026-07-05T12:00:47.000Z,2026-07-05T12:00:47.000Z,2026-07-05T12:00:53.000Z,2026-07-06T03:25:43.126Z,"✓ bought by 1 wallet(s); ✓ peak≈$18,917 >= floor $10,000 [history]; ✓ peak≈$18,917 <= ceiling $25,000; ✓ vol(h24)=$92,400 >= $10,000; ✓ chain=solana"
bull + fish,BULLISH,DP9tqixP5m8Arp56ZXTc6tHEi2B3TQWRU2TdMdPp2hVg,EU,Classified as EU using token creation time,2298.98,2298.98,18783.323991985744,18783.323991985744,history,18783.323991985744,11424.81,h24,,0.000002298,-4.87,99,97,pumpfun,7xTzbZkK9Y8KANizkVHR5Zz9AghF4Yi4fcw3QujyKV6m,https://dexscreener.com/solana/7xtzbzkk9y8kanizkvhr5zz9aghf4yi4fcw3qujykv6m,CXdZ6m2PotNq4D7zKK3af426ohGro1xingNuf68SoKmv,2025-08-12T03:53:59.000Z,2025-08-12T03:53:59.000Z,2026-07-05T20:54:55.000Z,2026-07-06T03:25:43.126Z,"✓ bought by 1 wallet(s); ✓ peak≈$18,783 >= floor $10,000 [history]; ✓ peak≈$18,783 <= ceiling $25,000; ✓ vol(h24)=$11,425 >= $10,000; ✓ chain=solana"
Aladdin's Castle token,ACT,88RiBywQiMaQ5atBJpPaVBNp6KUNftBcX2LYGjNLpump,EU,Classified as EU using token creation time,2665.01,2665.01,18620.373480107653,18624.920214501384,history,18624.920214501384,49152.3,h24,,0.000002665,18.16,589,458,pumpfun,H3cuCoP84LbMNQ9nc2tCxML9a88SFMDa4jqgxEj35bDg,https://dexscreener.com/solana/h3cucop84lbmnq9nc2tcxml9a88sfmda4jqgxej35bdg,CXdZ6m2PotNq4D7zKK3af426ohGro1xingNuf68SoKmv,2025-05-02T14:58:59.000Z,2025-05-02T14:58:59.000Z,2026-07-05T07:30:35.000Z,2026-07-06T03:25:43.126Z,"✓ bought by 1 wallet(s); ✓ peak≈$18,625 >= floor $10,000 [history]; ✓ peak≈$18,625 <= ceiling $25,000; ✓ vol(h24)=$49,152 >= $10,000; ✓ chain=solana"
Hermex Agent,Hermex,EFuLcmSBXPgNMMKfXaBQgg6syKEMbkTLMAn2JCQmpump,EU,Classified as EU using token creation time,2552.08,2552.08,18574.343028790798,18575.213163538127,history,18575.213163538127,67274.8,h24,,0.000002552,-3.2,1255,860,pumpfun,B9SovHto1RT8piUX2Mpm2gpwokEPHTVSQ1fqNXwKCfwb,https://dexscreener.com/solana/b9sovhto1rt8piux2mpm2gpwokephtvsq1fqnxwkcfwb,J6TDXvarvpBdPXTaTU8eJbtso1PUCYKGkVtMKUUY8iEa,2026-07-05T03:47:08.000Z,2026-07-05T03:47:08.000Z,2026-07-05T03:50:22.000Z,2026-07-06T03:25:43.126Z,"✓ bought by 1 wallet(s); ✓ peak≈$18,575 >= floor $10,000 [history]; ✓ peak≈$18,575 <= ceiling $25,000; ✓ vol(h24)=$67,275 >= $10,000; ✓ chain=solana"
Moodeng The Bull,MOODENG,FhAWKXHJr62juUiXQ6THJpxS2yzqdE8MZQj6FnyRpump,EU,Classified as EU using DEX Screener pairCreatedAt,2274.22,2274.22,18547.511852272073,18551.025740974714,history,18551.025740974714,34845.89,h24,,0.000002274,-25.82,398,497,pumpfun,BbWBAsTPESa1AAyaXBxKbVzbUjCf5qGBN2urbSRVbF6W,https://dexscreener.com/solana/bbwbastpesa1aayaxbxkbvzbujcf5qgbn2urbsrvbf6w,6S8GezkxYUfZy9JPtYnanbcZTMB87Wjt1qx3c6ELajKC,,2026-07-05T11:55:21.000Z,2026-07-05T11:55:29.000Z,2026-07-06T03:25:43.126Z,"✓ bought by 1 wallet(s); ✓ peak≈$18,551 >= floor $10,000 [history]; ✓ peak≈$18,551 <= ceiling $25,000; ✓ vol(h24)=$34,846 >= $10,000; ✓ chain=solana"
BULL,BULL,8NipunymnKMzC6HhKSd4iLRoaT96Un1fswHzNXTtBULL,EU,Classified as EU using token creation time,2270.56,2270.56,18499.505836297736,18499.505836297736,history,18499.505836297736,32954.78,h24,,0.00000227,-25.87,289,355,pumpfun,2gufzuKdYDtLoFFzMKZc2pUE611eSpkeBTzRDXJoSnSf,https://dexscreener.com/solana/2gufzukdydtloffzmkzc2pue611espkebtzrdxjosnsf,ardinRsN1mNYVeoJWTBsWeYeXvuR9UUDGMsCDKpb6AT; VJSDW6S74YXR4rRR9P4xwhMvLZJQMhrUb8XMFirUsy1,2026-07-05T11:14:17.000Z,2026-07-05T11:14:17.000Z,2026-07-05T11:14:25.000Z,2026-07-06T03:25:43.126Z,"✓ bought by 2 wallet(s); ✓ peak≈$18,500 >= floor $10,000 [history]; ✓ peak≈$18,500 <= ceiling $25,000; ✓ vol(h24)=$32,955 >= $10,000; ✓ chain=solana"
The Crypto Bulls,BULLS,DQxRTQKDTqXAuoKsGsVnm31yBZbU2NVtn6A3ciErpump,EU,Classified as EU using token creation time,2277.58,2277.58,18426.0055886339,18426.0055886339,history,18426.0055886339,43008.4,h24,,0.000002277,-16.3,463,547,pumpfun,7V58EoaaxB83rHhhVLXPsx8L98nMVJur97gV8dcRTVxk,https://dexscreener.com/solana/7v58eoaaxb83rhhhvlxpsx8l98nmvjur97gv8dcrtvxk,ardinRsN1mNYVeoJWTBsWeYeXvuR9UUDGMsCDKpb6AT,2026-07-05T11:04:33.000Z,2026-07-05T11:04:33.000Z,2026-07-05T11:04:37.000Z,2026-07-06T03:25:43.126Z,"✓ bought by 1 wallet(s); ✓ peak≈$18,426 >= floor $10,000 [history]; ✓ peak≈$18,426 <= ceiling $25,000; ✓ vol(h24)=$43,008 >= $10,000; ✓ chain=solana"
The Bird Flu,H5N1,54aFqLZZf6SQgN8it5pLunkBQxxEySj8PrMqwV6dpump,EU,Classified as EU using DEX Screener pairCreatedAt,2387.8,2387.8,18100.52818208024,18100.52818208024,history,18100.52818208024,80368.46,h24,,0.000002387,-12.48,1486,1132,pumpfun,B3XVQohgc4mHzNc9w26QPfh266MbASpamxsak8YwUkPn,https://dexscreener.com/solana/b3xvqohgc4mhznc9w26qpfh266mbaspamxsak8ywukpn,PMJA8UQDyWTFw2Smhyp9jGA6aTaP7jKHR7BPudrgyYN; 5PwAReW84atT9p3NkKv1aWMR4Fiq8DjFqo51QVVD4djQ; CXdZ6m2PotNq4D7zKK3af426ohGro1xingNuf68SoKmv; BHREKFkPQgAtDs8Vb1UfLkUpjG6ScidTjHaCWFuG2AtX; FhZmTCs7enzPDN1RpgJPUcZPfX6FKJ9uqj7ch2jtggGW; gangJEP5geDHjPVRhDS5dTF5e6GtRvtNogMEEVs91RV,,2026-07-05T06:35:55.000Z,2026-07-05T06:35:57.000Z,2026-07-06T03:25:43.126Z,"✓ bought by 6 wallet(s); ✓ peak≈$18,101 >= floor $10,000 [history]; ✓ peak≈$18,101 <= ceiling $25,000; ✓ vol(h24)=$80,368 >= $10,000; ✓ chain=solana"
Solanians,Solanians,4JoSuiauPiEqDxTa9fzDkttRPNnmaczm7AsFLyUCpump,EU,Classified as EU using DEX Screener pairCreatedAt,2465.75,2465.75,18025.424667211068,18025.424667211068,history,18025.424667211068,85883.17,h24,,0.000002465,-2,1400,1204,pumpfun,BjMwE6hT7Y4hAydsA7gRnru7YT1QTexVRTZxbojGNpvr,https://dexscreener.com/solana/bjmwe6ht7y4haydsa7grnru7yt1qtexvrtzxbojgnpvr,PMJA8UQDyWTFw2Smhyp9jGA6aTaP7jKHR7BPudrgyYN; ardinRsN1mNYVeoJWTBsWeYeXvuR9UUDGMsCDKpb6AT,,2026-07-05T12:32:15.000Z,2026-07-05T12:32:22.000Z,2026-07-06T03:25:43.126Z,"✓ bought by 2 wallet(s); ✓ peak≈$18,025 >= floor $10,000 [history]; ✓ peak≈$18,025 <= ceiling $25,000; ✓ vol(h24)=$85,883 >= $10,000; ✓ chain=solana"
bulltarded,bulltarded,9B2TwtERas6EwD5xM2JupUQFzByJ3SxobB3tVRErQFWY,EU,Classified as EU using token creation time,2285.45,2285.45,17936.607527490243,17936.607527490243,history,17936.607527490243,32656.91,h24,,0.000002285,-28.62,264,308,pumpfun,AGx7yV5eDXExA5JDWqNW8kXjEWSeTg8Vs5ZHyw9HKUVj,https://dexscreener.com/solana/agx7yv5edxexa5jdwqnw8kxjewsetg8vs5zhyw9hkuvj,9yYya3F5EJoLnBNKW6z4bZvyQytMXzDcpU5D6yYr4jqL; VJSDW6S74YXR4rRR9P4xwhMvLZJQMhrUb8XMFirUsy1,2026-07-05T14:50:22.000Z,2026-07-05T14:50:22.000Z,2026-07-05T14:50:24.000Z,2026-07-06T03:25:43.126Z,"✓ bought by 2 wallet(s); ✓ peak≈$17,937 >= floor $10,000 [history]; ✓ peak≈$17,937 <= ceiling $25,000; ✓ vol(h24)=$32,657 >= $10,000; ✓ chain=solana"
The C Theory,C,ENUCgwiutYz92ic1DRrDgvLMSPh1L7vih4YB1VVEpump,EU,Classified as EU using DEX Screener pairCreatedAt,2313.94,2313.94,17932.02999723195,17932.02999723195,history,17932.02999723195,78066.02,h24,,0.000002313,-15.25,1097,986,pumpfun,84BYLW58gMUMmP4xP6s7ZooZ4XDCkcyjpHfcYC5Wcux,https://dexscreener.com/solana/84bylw58gmummp4xp6s7zooz4xdckcyjphfcyc5wcux,5B52w1ZW9tuwUduueP5J7HXz5AcGfruGoX6YoAudvyxG; BTf4A2exGK9BCVDNzy65b9dUzXgMqB4weVkvTMFQsadd; 71PCu3E4JP5RDBoY6wJteqzxkKNXLyE1byg5BTAL9UtQ; VJSDW6S74YXR4rRR9P4xwhMvLZJQMhrUb8XMFirUsy1,,2026-07-05T13:28:41.000Z,2026-07-05T13:28:50.000Z,2026-07-06T03:25:43.126Z,"✓ bought by 4 wallet(s); ✓ peak≈$17,932 >= floor $10,000 [history]; ✓ peak≈$17,932 <= ceiling $25,000; ✓ vol(h24)=$78,066 >= $10,000; ✓ chain=solana"
Fable OS,FABLE,KPFTkNPqfK5SEFJPu7LRBgC3ns64aeJHCL6QkGFABLE,EU,Classified as EU using token creation time,7872.19,7872.19,17736.16998432132,17740.10445960574,history,17740.10445960574,39205.43,h24,,0.000007872,-42.93,378,293,pumpfun,Ce4K3YpV92LKwvVE73d8gYMmVo5J27ouvq9wCjYYE8F4,https://dexscreener.com/solana/ce4k3ypv92lkwvve73d8gymmvo5j27ouvq9wcjyye8f4,FM1YCKED2KaqB8Uat8aB1nsffR1vezr7s6FAEieXJgke,2026-07-04T14:10:37.000Z,2026-07-04T14:10:37.000Z,2026-07-05T10:22:22.000Z,2026-07-06T03:25:43.126Z,"✓ bought by 1 wallet(s); ✓ peak≈$17,740 >= floor $10,000 [history]; ✓ peak≈$17,740 <= ceiling $25,000; ✓ vol(h24)=$39,205 >= $10,000; ✓ chain=solana"
The Nietzschean Bull,ANSEM,ChHDw3afw2WCy97dTJSaFkY6jHnBB3FngGgPABgrpump,EU,Classified as EU using token creation time,2268.31,2268.31,17461.116086598206,17461.116086598206,history,17461.116086598206,16067.19,h24,,0.000002268,-22.19,91,82,pumpfun,DrDqis3H8kLwnCEXzUZSoTH27Q5N8GmBQQndV1UecEu2,https://dexscreener.com/solana/drdqis3h8klwncexzuzsoth27q5n8gmbqqndv1ueceu2,6EDaVsS6enYgJ81tmhEkiKFcb4HuzPUVFZeom6PHUqN3,2026-07-05T14:05:59.000Z,2026-07-05T14:05:59.000Z,2026-07-05T14:06:09.000Z,2026-07-06T03:25:43.126Z,"✓ bought by 1 wallet(s); ✓ peak≈$17,461 >= floor $10,000 [history]; ✓ peak≈$17,461 <= ceiling $25,000; ✓ vol(h24)=$16,067 >= $10,000; ✓ chain=solana"
100x,100x,FEUd1CmN4zyf8gxq5UALYm3Yghkp5u22oABYtjV9pump,EU,Classified as EU using DEX Screener pairCreatedAt,2323.71,2323.71,17185.74350884589,17185.74350884589,history,17185.74350884589,54819,h24,,0.000002323,-20.24,1117,860,pumpfun,2A9C5F5RS5K9jiEJSJwD5keMVSZea8YAHTUGANZpqu2Z,https://dexscreener.com/solana/2a9c5f5rs5k9jiejsjwd5kemvszea8yahtuganzpqu2z,4vw54BmAogeRV3vPKWyFet5yf8DTLcREzdSzx4rw9Ud9,,2026-07-05T13:44:39.000Z,2026-07-05T13:44:44.000Z,2026-07-06T03:25:43.126Z,"✓ bought by 1 wallet(s); ✓ peak≈$17,186 >= floor $10,000 [history]; ✓ peak≈$17,186 <= ceiling $25,000; ✓ vol(h24)=$54,819 >= $10,000; ✓ chain=solana"
you have three wishes,genie,F2R2WDP3YnLH6kgkV3bsW7TxiTXqtw9BDf2GQmwfpump,EU,Classified as EU using DEX Screener pairCreatedAt,2796.56,2796.56,17177.334216677238,17178.25039913977,history,17178.25039913977,92947.78,h24,,0.000002796,-21.4,1240,1131,pumpfun,HgawHtZTP8R1G8phvFpYGAuzx31vDn9X8UgLTRdRu6g7,https://dexscreener.com/solana/hgawhtztp8r1g8phvfpygauzx31vdn9x8ugltrdru6g7,CXdZ6m2PotNq4D7zKK3af426ohGro1xingNuf68SoKmv; ardinRsN1mNYVeoJWTBsWeYeXvuR9UUDGMsCDKpb6AT,,2026-07-05T12:17:04.000Z,2026-07-05T12:17:33.000Z,2026-07-06T03:25:43.126Z,"✓ bought by 2 wallet(s); ✓ peak≈$17,178 >= floor $10,000 [history]; ✓ peak≈$17,178 <= ceiling $25,000; ✓ vol(h24)=$92,948 >= $10,000; ✓ chain=solana"
Balls,Balls,6JscjmxSrH9tfsqJ4yGXziukS6U6qZPGcWQpaNR7pump,EU,Classified as EU using token creation time,2251.47,2251.47,17123.224154655592,17123.224154655592,history,17123.224154655592,24794.81,h24,,0.000002251,-26.44,225,272,pumpfun,F49MAwVkZScn69WvZ33AxnFpHnUbG8YzYaEckNXwfigz,https://dexscreener.com/solana/f49mawvkzscn69wvz33axnfphnubg8yzyaecknxwfigz,ardinRsN1mNYVeoJWTBsWeYeXvuR9UUDGMsCDKpb6AT,2026-07-05T11:05:29.000Z,2026-07-05T11:05:29.000Z,2026-07-05T11:06:09.000Z,2026-07-06T03:25:43.126Z,"✓ bought by 1 wallet(s); ✓ peak≈$17,123 >= floor $10,000 [history]; ✓ peak≈$17,123 <= ceiling $25,000; ✓ vol(h24)=$24,795 >= $10,000; ✓ chain=solana"
The Generational Bull,GENNY,Fp2KkAJ676WN5ja7XfGPzsSB5DVCGjh2k27GbtZvbonk,EU,Classified as EU using token creation time,5945.31,5945.31,17042.898454046277,17042.898454046277,history,17042.898454046277,14439.95,h24,,0.000005945,-18.55,162,131,launchlab,FUhh6vHSGvsuLuFVdZXhYmjEwJzhW1TAUtxXFze6eoLs,https://dexscreener.com/solana/fuhh6vhsgvsulufvdzxhymjewjzhw1tautxxfze6eols,VJSDW6S74YXR4rRR9P4xwhMvLZJQMhrUb8XMFirUsy1,2026-07-05T11:39:35.000Z,2026-07-05T11:39:35.000Z,2026-07-05T11:39:37.000Z,2026-07-06T03:25:43.126Z,"✓ bought by 1 wallet(s); ✓ peak≈$17,043 >= floor $10,000 [history]; ✓ peak≈$17,043 <= ceiling $25,000; ✓ vol(h24)=$14,440 >= $10,000; ✓ chain=solana"
Chudguin,Chudguin,3p28tXLiAGYYdkBWmyzZYnVWctdB91qsEhrnp4iapump,EU,Classified as EU using token creation time,2260.81,2260.81,16689.656293528355,16689.656293528355,history,16689.656293528355,23731.23,h24,,0.00000226,-12.24,281,207,pumpfun,AXYSUgtnV68ddHf4E53Sv4qTH1MvmGMHu9qkjaNCVvrs,https://dexscreener.com/solana/axysugtnv68ddhf4e53sv4qth1mvmgmhu9qkjancvvrs,8yJFWmVTQq69p6VJxGwpzW7ii7c5J9GRAtHCNMMQPydj; CXdZ6m2PotNq4D7zKK3af426ohGro1xingNuf68SoKmv,2026-07-05T12:32:31.000Z,2026-07-05T12:32:31.000Z,2026-07-05T12:36:33.000Z,2026-07-06T03:25:43.126Z,"✓ bought by 2 wallet(s); ✓ peak≈$16,690 >= floor $10,000 [history]; ✓ peak≈$16,690 <= ceiling $25,000; ✓ vol(h24)=$23,731 >= $10,000; ✓ chain=solana"
The Protector,Eve,A4cWrU3eAxrN9L99x8VKjoyFHRrDTvcBXiiWqXMbpump,EU,Classified as EU using DEX Screener pairCreatedAt,2273.29,2273.29,16387.15358636603,16387.15358636603,history,16387.15358636603,41594.39,h24,,0.000002273,-16.66,510,441,pumpfun,EKhKGSEL2P9MjM4uviL2uD1TwzcA1xz89QtkMnajdvsx,https://dexscreener.com/solana/ekhkgsel2p9mjm4uvil2ud1twzca1xz89qtkmnajdvsx,PMJA8UQDyWTFw2Smhyp9jGA6aTaP7jKHR7BPudrgyYN,,2026-07-05T12:20:09.000Z,2026-07-05T12:20:16.000Z,2026-07-06T03:25:43.126Z,"✓ bought by 1 wallet(s); ✓ peak≈$16,387 >= floor $10,000 [history]; ✓ peak≈$16,387 <= ceiling $25,000; ✓ vol(h24)=$41,594 >= $10,000; ✓ chain=solana"
SadOwl,Mone-Chan,B3qRvd6poNMR4cRyQLBtwdKxzafz6mswtkzxzuxHpump,EU,Classified as EU using DEX Screener pairCreatedAt,2423.27,2423.27,16181.333799345526,16184.036076347546,history,16184.036076347546,55599.34,h24,,0.000002423,-11.17,895,703,pumpfun,CaRegpzHgci5FZxATtQGz69ShsGn5UKFzme3erDWEnBo,https://dexscreener.com/solana/caregpzhgci5fzxattqgz69shsgn5ukfzme3erdwenbo,PMJA8UQDyWTFw2Smhyp9jGA6aTaP7jKHR7BPudrgyYN; Bi4rd5FH5bYEN8scZ7wevxNZyNmKHdaBcvewdPFxYdLt; FhZmTCs7enzPDN1RpgJPUcZPfX6FKJ9uqj7ch2jtggGW,,2026-07-05T04:53:28.000Z,2026-07-05T04:53:30.000Z,2026-07-06T03:25:43.126Z,"✓ bought by 3 wallet(s); ✓ peak≈$16,184 >= floor $10,000 [history]; ✓ peak≈$16,184 <= ceiling $25,000; ✓ vol(h24)=$55,599 >= $10,000; ✓ chain=solana"
The Viking Cult,VIKING,87EWmA6zuPD3ThEMvrgrHRoLpC4z8KpaW5JnzJbNpump,EU,Classified as EU using token creation time,2272,2272,15629.775650516514,15629.775650516514,history,15629.775650516514,19532.3,h24,,0.000002272,-11.75,246,222,pumpfun,pg1z1p7t4fCkuvwefR4wJ6fuoycqXt538srFB3Dz4DK,https://dexscreener.com/solana/pg1z1p7t4fckuvwefr4wj6fuoycqxt538srfb3dz4dk,CyaE1VxvBrahnPWkqm5VsdCvyS2QmNht2UFrKJHga54o,2026-07-06T03:09:32.000Z,2026-07-06T03:09:32.000Z,2026-07-06T03:09:36.000Z,2026-07-06T03:25:43.126Z,"✓ bought by 1 wallet(s); ✓ peak≈$15,630 >= floor $10,000 [history]; ✓ peak≈$15,630 <= ceiling $25,000; ✓ vol(h24)=$19,532 >= $10,000; ✓ chain=solana"
AGiXT,AGIXT,En3dc68F63Wn9m7KmmjcEhKQvcM24JrsvfvD7NDDK6L7,EU,Classified as EU using token creation time,2287.18,2287.18,15295.488361831263,15296.359549794252,history,15296.359549794252,57887.98,h24,,0.000002287,-25.44,568,526,pumpfun,7LjFs5gXnVcg4URoxU9QFQF3nBXcTT6b38DoCgRrePB5,https://dexscreener.com/solana/7ljfs5gxnvcg4uroxu9qfqf3nbxctt6b38docgrrepb5,5PwAReW84atT9p3NkKv1aWMR4Fiq8DjFqo51QVVD4djQ; FhZmTCs7enzPDN1RpgJPUcZPfX6FKJ9uqj7ch2jtggGW; 3xGezFkC4hxLLa11KJ7C2HfvHukmukprrAQa29zUy1rd,2026-07-05T07:04:14.000Z,2026-07-05T07:04:14.000Z,2026-07-05T07:04:31.000Z,2026-07-06T03:25:43.126Z,"✓ bought by 3 wallet(s); ✓ peak≈$15,296 >= floor $10,000 [history]; ✓ peak≈$15,296 <= ceiling $25,000; ✓ vol(h24)=$57,888 >= $10,000; ✓ chain=solana"
Delusional bulls,Bulls,n4GaheLf8T1yZvq37YbLyh6yUw6ftXEVcdnMoaUbonk,EU,Classified as EU using token creation time,2255.93,2255.93,15182.952604167933,15182.952604167933,history,15182.952604167933,16279.87,h24,,0.000002255,-33.84,148,142,launchlab,4E4USmfn8jnVsaYxgkPR55eUrNktNrenWKkEQtpHp3bF,https://dexscreener.com/solana/4e4usmfn8jnvsayxgkpr55eurnktnrenwkkeqtphp3bf,VJSDW6S74YXR4rRR9P4xwhMvLZJQMhrUb8XMFirUsy1,2026-07-05T11:35:54.000Z,2026-07-05T11:35:54.000Z,2026-07-05T11:36:26.000Z,2026-07-06T03:25:43.126Z,"✓ bought by 1 wallet(s); ✓ peak≈$15,183 >= floor $10,000 [history]; ✓ peak≈$15,183 <= ceiling $25,000; ✓ vol(h24)=$16,280 >= $10,000; ✓ chain=solana"
Moodeng The Bull,Bulldeng,6WfWgMnbR9mhzHPCLeKT1fyQkLmDqFNzzSizTRDWi2KQ,EU,Classified as EU using token creation time,2272.21,2272.21,15069.994711527348,15069.994711527348,history,15069.994711527348,48204.58,h24,,0.000002272,-25.62,569,529,pumpfun,9TBnCF9wBFF49dviycPdH81WTPFKxHTE2WWw3jY86okf,https://dexscreener.com/solana/9tbncf9wbff49dviycpdh81wtpfkxhte2www3jy86okf,6S8GezkxYUfZy9JPtYnanbcZTMB87Wjt1qx3c6ELajKC; D4yrdUWHTf2wUWr7TZc3gZdMLsZ77y6RfHN4U28etf1j,2026-07-05T11:55:48.000Z,2026-07-05T11:55:48.000Z,2026-07-05T11:55:52.000Z,2026-07-06T03:25:43.126Z,"✓ bought by 2 wallet(s); ✓ peak≈$15,070 >= floor $10,000 [history]; ✓ peak≈$15,070 <= ceiling $25,000; ✓ vol(h24)=$48,205 >= $10,000; ✓ chain=solana"
The Yeeter,Billah Vau,5VyfvqRSz8gGMMAQiygvafJqSdRrZWhkc25Pt1wYpump,EU,Classified as EU using token creation time,2412.95,2412.95,14931.184081865824,14931.184081865824,history,14931.184081865824,38907.02,h24,,0.000002412,-11.1,530,576,pumpfun,89LXDk5yJwYk4cUKmZNaBYcxt5V6LLYjiTF6AxHF7nLC,https://dexscreener.com/solana/89lxdk5yjwyk4cukmznabycxt5v6llyjitf6axhf7nlc,ardinRsN1mNYVeoJWTBsWeYeXvuR9UUDGMsCDKpb6AT; VJSDW6S74YXR4rRR9P4xwhMvLZJQMhrUb8XMFirUsy1,2026-07-05T09:20:59.000Z,2026-07-05T09:20:59.000Z,2026-07-05T09:21:48.000Z,2026-07-06T03:25:43.126Z,"✓ bought by 2 wallet(s); ✓ peak≈$14,931 >= floor $10,000 [history]; ✓ peak≈$14,931 <= ceiling $25,000; ✓ vol(h24)=$38,907 >= $10,000; ✓ chain=solana"
Trenchaholic,Trenchaholic,BxxDoczNWLyYUQQ83tPUCAAdgv9RunmHMahrVU2Lpump,EU,Classified as EU using DEX Screener pairCreatedAt,2290,2290,14537.898235788982,14537.898235788982,history,14537.898235788982,68063.35,h24,,0.000002289,-16.03,1145,884,pumpfun,8fvCkvsFp5yMaNxcfsic1pQyhwuT7hGEY7z5o7aA6mnP,https://dexscreener.com/solana/8fvckvsfp5ymanxcfsic1pqyhwut7hgey7z5o7aa6mnp,9iaawVBEsFG35PSwd4PahwT8fYNQe9XYuRdWm872dUqY; 71PCu3E4JP5RDBoY6wJteqzxkKNXLyE1byg5BTAL9UtQ; ardinRsN1mNYVeoJWTBsWeYeXvuR9UUDGMsCDKpb6AT; gangJEP5geDHjPVRhDS5dTF5e6GtRvtNogMEEVs91RV,,2026-07-05T08:48:39.000Z,2026-07-05T08:49:01.000Z,2026-07-06T03:25:43.126Z,"✓ bought by 4 wallet(s); ✓ peak≈$14,538 >= floor $10,000 [history]; ✓ peak≈$14,538 <= ceiling $25,000; ✓ vol(h24)=$68,063 >= $10,000; ✓ chain=solana"
The Optimistic Bull,ELON,DXX9eGmpGETjtijtRv3ABotuPpcSQWvvDR6MCEagpump,EU,Classified as EU using DEX Screener pairCreatedAt,2297.24,2297.24,14401.35937439597,14401.469987605698,history,14401.469987605698,42099.89,h24,,0.000002297,-15.64,828,695,pumpfun,672hXiwy1DfCCXG4NwxbRM4tGHv8boJRFCcZKJpg5qCV,https://dexscreener.com/solana/672hxiwy1dfccxg4nwxbrm4tghv8bojrfcczkjpg5qcv,F5XvCe4233m6mHRbkkq2ZsFvqrPAnRrDBExeQy2fwagQ; CXdZ6m2PotNq4D7zKK3af426ohGro1xingNuf68SoKmv; BCagckXeMChUKrHEd6fKFA1uiWDtcmCXMsqaheLiUPJd,,2026-07-05T08:26:06.000Z,2026-07-05T08:26:06.000Z,2026-07-06T03:25:43.126Z,"✓ bought by 3 wallet(s); ✓ peak≈$14,401 >= floor $10,000 [history]; ✓ peak≈$14,401 <= ceiling $25,000; ✓ vol(h24)=$42,100 >= $10,000; ✓ chain=solana"
AGiXT,AGIXT,CEcbSnX7c2EJ6jhLN8LqFEikTKcmtLuVYDptocWspump,EU,Classified as EU using token creation time,3064.48,3064.48,14271.505030268088,14271.505030268088,history,14271.505030268088,21171.14,h24,,0.000003064,0.38,225,271,pumpfun,2Qf73dssSnjk8LxMKHxyGhtNgUrkC91uAUVrwgyxZA2D,https://dexscreener.com/solana/2qf73dsssnjk8lxmkhxyghtngurkc91uauvrwgyxza2d,DZAa55HwXgv5hStwaTEJGXZz1DhHejvpb7Yr762urXam; CXdZ6m2PotNq4D7zKK3af426ohGro1xingNuf68SoKmv,2026-07-05T07:13:13.000Z,2026-07-05T07:13:13.000Z,2026-07-05T07:14:35.000Z,2026-07-06T03:25:43.126Z,"✓ bought by 2 wallet(s); ✓ peak≈$14,272 >= floor $10,000 [history]; ✓ peak≈$14,272 <= ceiling $25,000; ✓ vol(h24)=$21,171 >= $10,000; ✓ chain=solana"
Float,Float,3sHQgLZUPY3baeK8qLh9cKwyMizHkEbYhU2cfyTdbonk,EU,Classified as EU using token creation time,8541.72,8541.72,14229.110947218553,14229.110947218553,history,14229.110947218553,10054.96,h24,,0.000008541,-6.95,95,64,launchlab,MgjGwVyipBvf2YvriFXCrSQjHXHJ6fm88iPtTy8FYTC,https://dexscreener.com/solana/mgjgwvyipbvf2yvrifxcrsqjhxhj6fm88iptty8fytc,PMJA8UQDyWTFw2Smhyp9jGA6aTaP7jKHR7BPudrgyYN,2026-07-05T13:01:01.000Z,2026-07-05T13:01:01.000Z,2026-07-05T13:01:07.000Z,2026-07-06T03:25:43.126Z,"✓ bought by 1 wallet(s); ✓ peak≈$14,229 >= floor $10,000 [history]; ✓ peak≈$14,229 <= ceiling $25,000; ✓ vol(h24)=$10,055 >= $10,000; ✓ chain=solana"
The Musk Ox,MUSK,93hVsyvTNKWarZds5rndqVf2z4wptTQTbtVk5ZGzpump,EU,Classified as EU using DEX Screener pairCreatedAt,4793,4793,13900.447436627788,13900.447436627788,history,13900.447436627788,29236.02,h24,,0.000004793,75.78,641,445,pumpfun,2SVZx4baYqLfVQzLbgELWUH7PGb34QRYUg6WTKVwuafb,https://dexscreener.com/solana/2svzx4bayqlfvqzlbgelwuh7pgb34qryug6wtkvwuafb,FxN3VZ4BosL5urG2yoeQ156JSdmavm9K5fdLxjkPmaMR; CyaE1VxvBrahnPWkqm5VsdCvyS2QmNht2UFrKJHga54o; 2fg5QD1eD7rzNNCsvnhmXFm5hqNgwTTG8p7kQ6f3rx6f,,2026-07-06T03:26:46.000Z,2026-07-06T03:26:48.000Z,2026-07-06T03:25:43.126Z,"✓ bought by 3 wallet(s); ✓ peak≈$13,900 >= floor $10,000 [history]; ✓ peak≈$13,900 <= ceiling $25,000; ✓ vol(h24)=$29,236 >= $10,000; ✓ chain=solana"
InstaLock,LOCK,BEniG17knD1WzwTCMByiS9D4FBs29px3nCse5TBipump,EU,Classified as EU using token creation time,3719.21,3719.21,13869.063709495025,13870.160969688664,history,13870.160969688664,57349.77,h24,,0.000003719,50.9,979,705,pumpfun,A1AsVfCKimpfbQU7eUYXkeZpP23HjXjmVzXCVCi3rRwF,https://dexscreener.com/solana/a1asvfckimpfbqu7euyxkezpp23hjxjmvzxcvci3rrwf,CXdZ6m2PotNq4D7zKK3af426ohGro1xingNuf68SoKmv,2026-07-05T10:18:44.000Z,2026-07-05T10:18:44.000Z,2026-07-05T13:22:41.000Z,2026-07-06T03:25:43.126Z,"✓ bought by 1 wallet(s); ✓ peak≈$13,870 >= floor $10,000 [history]; ✓ peak≈$13,870 <= ceiling $25,000; ✓ vol(h24)=$57,350 >= $10,000; ✓ chain=solana"
Take this coin to the stars,coin,245TEhVuUFPAevK5U1pnDmyVyNJH2STgkH7tPeN3pump,EU,Classified as EU using token creation time,2285.31,2285.31,13730.369328251008,13730.369328251008,history,13730.369328251008,50804.12,h24,,0.000002285,-22.97,809,629,pumpfun,BpRT2puFLRU7gvHtqr6Mrv7kqnuF7nqWpDktERXSuDzY,https://dexscreener.com/solana/bprt2puflru7gvhtqr6mrv7kqnuf7nqwpdkterxsudzy,PMJA8UQDyWTFw2Smhyp9jGA6aTaP7jKHR7BPudrgyYN; FM1YCKED2KaqB8Uat8aB1nsffR1vezr7s6FAEieXJgke; DfMxre4cKmvogbLrPigxmibVTTQDuzjdXojWzjCXXhzj; FhZmTCs7enzPDN1RpgJPUcZPfX6FKJ9uqj7ch2jtggGW; HZXdwRRw27kfpYtTqc7bMfrRgK3LSUaiKDFtqoEihik8,2026-07-05T05:09:21.000Z,2026-07-05T05:09:21.000Z,2026-07-05T05:09:23.000Z,2026-07-06T03:25:43.126Z,"✓ bought by 5 wallet(s); ✓ peak≈$13,730 >= floor $10,000 [history]; ✓ peak≈$13,730 <= ceiling $25,000; ✓ vol(h24)=$50,804 >= $10,000; ✓ chain=solana"
1 Penny Can Change Your Life,PENNY,51t4KbHTawDra68zZPHy4QcTfCAjbfLfi6fmSfYFpump,EU,Classified as EU using token creation time,4001.47,4001.47,13511.998615327097,13513.184376211237,history,13513.184376211237,23031.6,h24,,0.000004001,-13.63,396,360,pumpfun,7JKCETuMXraa2szeAUqnLndZ1PQiZ9sDpjtqQ994zdE1,https://dexscreener.com/solana/7jkcetumxraa2szeauqnlndz1pqiz9sdpjtqq994zde1,FM1YCKED2KaqB8Uat8aB1nsffR1vezr7s6FAEieXJgke; 71PCu3E4JP5RDBoY6wJteqzxkKNXLyE1byg5BTAL9UtQ; gangJEP5geDHjPVRhDS5dTF5e6GtRvtNogMEEVs91RV,2026-07-05T08:04:17.000Z,2026-07-05T08:04:17.000Z,2026-07-05T08:04:34.000Z,2026-07-06T03:25:43.126Z,"✓ bought by 3 wallet(s); ✓ peak≈$13,513 >= floor $10,000 [history]; ✓ peak≈$13,513 <= ceiling $25,000; ✓ vol(h24)=$23,032 >= $10,000; ✓ chain=solana"
Harry Kane,KANE,BaYeJNyrZ5ZHB8tJamQFZD6mzTnRg8XCLSbAZgZFpump,EU,Classified as EU using token creation time,11027.72,11027.72,13285.420091728452,13285.420091728452,history,13285.420091728452,46341.64,h24,,0.00001102,329,589,489,pumpfun,Bxx7se58pJ9ZQ3ZNt8SQmDYPhkkKaVNStoPneN1zGogK,https://dexscreener.com/solana/bxx7se58pj9zq3znt8sqmdyphkkkavnstopnen1zgogk,G6fUXjMKPJzCY1rveAE6Qm7wy5U3vZgKDJmN1VPAdiZC; DVMkhiQe1D8yenuEgsW44NjRn9LfVQjGEpZcez5x7Mff; FczAVrSD8WPAymBhWrcFy8QsRjgDqmFkuqWa1KkAbzuD,2026-07-06T03:08:48.000Z,2026-07-06T03:08:48.000Z,2026-07-06T03:12:19.000Z,2026-07-06T03:25:43.126Z,"✓ bought by 3 wallet(s); ✓ peak≈$13,285 >= floor $10,000 [history]; ✓ peak≈$13,285 <= ceiling $25,000; ✓ vol(h24)=$46,342 >= $10,000; ✓ chain=solana"
Nietzschean Bull,BULL,DCriNDuQJqixzSbRruvXk4QGYpwdnx24kxN3TUZMxuuU,EU,Classified as EU using token creation time,2278.03,2278.03,13222.51832354969,13222.51832354969,history,13222.51832354969,23551.61,h24,,0.000002278,-48.43,372,330,pumpfun,74Fc2B2nHDD19rHo9kq5ubyx8W6iLuTrPuBA3TbQUSyv,https://dexscreener.com/solana/74fc2b2nhdd19rho9kq5ubyx8w6ilutrpuba3tbqusyv,suqh5sHtr8HyJ7q8scBimULPkPpA557prMG47xCHQfK; FxN3VZ4BosL5urG2yoeQ156JSdmavm9K5fdLxjkPmaMR; 2fg5QD1eD7rzNNCsvnhmXFm5hqNgwTTG8p7kQ6f3rx6f; 4vw54BmAogeRV3vPKWyFet5yf8DTLcREzdSzx4rw9Ud9,2026-07-05T14:05:58.000Z,2026-07-05T14:05:58.000Z,2026-07-05T14:06:03.000Z,2026-07-06T03:25:43.126Z,"✓ bought by 4 wallet(s); ✓ peak≈$13,223 >= floor $10,000 [history]; ✓ peak≈$13,223 <= ceiling $25,000; ✓ vol(h24)=$23,552 >= $10,000; ✓ chain=solana"
Bullish energy,BULLISH,FBWdf1DGnrtqtBEoHZ4g4bXytxi7JU66DeCkaqXkpump,EU,Classified as EU using token creation time,2272.72,2272.72,13199.702305776562,13199.702305776562,history,13199.702305776562,22196.86,h24,,0.000002272,-16.57,233,227,pumpfun,7asuTvK6fwRqKTVWqMqE3JK1WLxLWAUkmH7PgjZwaN64,https://dexscreener.com/solana/7asutvk6fwrqktvwqmqe3jk1wlxlwaukmh7pgjzwan64,PMJA8UQDyWTFw2Smhyp9jGA6aTaP7jKHR7BPudrgyYN; FhZmTCs7enzPDN1RpgJPUcZPfX6FKJ9uqj7ch2jtggGW,2026-07-05T05:29:29.000Z,2026-07-05T05:29:29.000Z,2026-07-05T05:29:33.000Z,2026-07-06T03:25:43.126Z,"✓ bought by 2 wallet(s); ✓ peak≈$13,200 >= floor $10,000 [history]; ✓ peak≈$13,200 <= ceiling $25,000; ✓ vol(h24)=$22,197 >= $10,000; ✓ chain=solana"
황식빵,Bread,BBPuYj4gnC4LKhw3kdbz3ZZz58ViUsgzZUM8JwYDpump,EU,Classified as EU using token creation time,2490.06,2490.06,13076.196402863337,13077.333084625836,history,13077.333084625836,36948.73,h24,,0.00000249,10.47,656,450,pumpfun,8cZyogfAbWYahzAmCrGQRKMtE9bnGAvZgQ3s7KyJDTSj,https://dexscreener.com/solana/8czyogfabwyahzamcrgqrkmte9bngavzgq3s7kyjdtsj,CXdZ6m2PotNq4D7zKK3af426ohGro1xingNuf68SoKmv,2026-07-05T06:46:35.000Z,2026-07-05T06:46:35.000Z,2026-07-05T06:49:48.000Z,2026-07-06T03:25:43.126Z,"✓ bought by 1 wallet(s); ✓ peak≈$13,077 >= floor $10,000 [history]; ✓ peak≈$13,077 <= ceiling $25,000; ✓ vol(h24)=$36,949 >= $10,000; ✓ chain=solana"
The Vamping Bull,VAMPABULL,C79Yq8rPcJtBabvVigTVMePYRXWqkeZggAzpjdJjpump,EU,Classified as EU using token creation time,2267.8,2267.8,13014.522623999226,13015.061748719741,history,13015.061748719741,26325.7,h24,,0.000002267,-16.72,306,363,pumpfun,B7aC2sjKncuXMY9XJKqPow5D74GTVTftNk4Lzs2NZzVe,https://dexscreener.com/solana/b7ac2sjkncuxmy9xjkqpow5d74gtvtftnk4lzs2nzzve,ardinRsN1mNYVeoJWTBsWeYeXvuR9UUDGMsCDKpb6AT; VJSDW6S74YXR4rRR9P4xwhMvLZJQMhrUb8XMFirUsy1,2026-07-05T11:09:16.000Z,2026-07-05T11:09:16.000Z,2026-07-05T11:09:21.000Z,2026-07-06T03:25:43.126Z,"✓ bought by 2 wallet(s); ✓ peak≈$13,015 >= floor $10,000 [history]; ✓ peak≈$13,015 <= ceiling $25,000; ✓ vol(h24)=$26,326 >= $10,000; ✓ chain=solana"
The Black Shiba,SHIBA,GpXTFSi6jxyGR9LFpuGwxQAg91nm76AFJV8gHBmnpump,EU,Classified as EU using token creation time,2616.52,2616.52,12804.897789119017,12804.897789119017,history,12804.897789119017,44425.35,h24,,0.000002616,14.77,711,793,pumpfun,GwW2BtXKfFMSoLwXF7TPjidrSG58uk2m5d4sUzdQsDaq,https://dexscreener.com/solana/gww2btxkffmsolwxf7tpjidrsg58uk2m5d4suzdqsdaq,CXdZ6m2PotNq4D7zKK3af426ohGro1xingNuf68SoKmv,2026-07-05T09:12:13.000Z,2026-07-05T09:12:13.000Z,2026-07-05T13:35:49.000Z,2026-07-06T03:25:43.126Z,"✓ bought by 1 wallet(s); ✓ peak≈$12,805 >= floor $10,000 [history]; ✓ peak≈$12,805 <= ceiling $25,000; ✓ vol(h24)=$44,425 >= $10,000; ✓ chain=solana"
UNVAMPABULL,UNVAMPABULL,7x1XNQBKBCKqFgXr4GCKTosZ7qg2mzNQPnEPSwywS2Jn,EU,Classified as EU using token creation time,2306.67,2306.67,12604.307584954902,12604.307584954902,history,12604.307584954902,41846.86,h24,,0.000002306,-24.97,586,571,pumpfun,GnDChYWk4vEkt47vu2BUV2zZH3ZDsZdQAfmGyoRbg2zm,https://dexscreener.com/solana/gndchywk4vekt47vu2buv2zzh3zdszdqafmgyorbg2zm,FRbUNvGxYNC1eFngpn7AD3f14aKKTJVC6zSMtvj2dyCS; CXdZ6m2PotNq4D7zKK3af426ohGro1xingNuf68SoKmv; 4vw54BmAogeRV3vPKWyFet5yf8DTLcREzdSzx4rw9Ud9; Bi4rd5FH5bYEN8scZ7wevxNZyNmKHdaBcvewdPFxYdLt; VJSDW6S74YXR4rRR9P4xwhMvLZJQMhrUb8XMFirUsy1,2026-07-05T14:20:10.000Z,2026-07-05T14:20:10.000Z,2026-07-05T14:20:22.000Z,2026-07-06T03:25:43.126Z,"✓ bought by 5 wallet(s); ✓ peak≈$12,604 >= floor $10,000 [history]; ✓ peak≈$12,604 <= ceiling $25,000; ✓ vol(h24)=$41,847 >= $10,000; ✓ chain=solana"
the great extraction,Extraction,EFypXt2i8TkFseLQeqymoXRbh8v2FKQTAAoegLuapump,EU,Classified as EU using token creation time,2234.01,2234.01,12494.750278675305,12494.750278675305,history,12494.750278675305,30153.38,h24,,0.000002234,-17.98,531,503,pumpfun,9Vhsu5Zh7T7BuhGVsQa6VFxekyieANk1DMGrP3L1MQra,https://dexscreener.com/solana/9vhsu5zh7t7buhgvsqa6vfxekyieank1dmgrp3l1mqra,HZXdwRRw27kfpYtTqc7bMfrRgK3LSUaiKDFtqoEihik8,2026-07-05T05:16:19.000Z,2026-07-05T05:16:19.000Z,2026-07-05T05:16:26.000Z,2026-07-06T03:25:43.126Z,"✓ bought by 1 wallet(s); ✓ peak≈$12,495 >= floor $10,000 [history]; ✓ peak≈$12,495 <= ceiling $25,000; ✓ vol(h24)=$30,153 >= $10,000; ✓ chain=solana"
Balls,Balls,6x6jgMaTrNeyHKw6xd64roRrLceBXQ4gmNpezNEhpump,EU,Classified as EU using token creation time,2261.61,2261.61,12340.105960316381,12340.105960316381,history,12340.105960316381,24666.68,h24,,0.000002261,0.55,353,366,pumpfun,J2mkMt3yjyDgPUYWBBFEo5fuxiUf4QVa5cgXFpnfg5wb,https://dexscreener.com/solana/j2mkmt3yjydgpuywbbfeo5fuxiuf4qva5cgxfpnfg5wb,FRbUNvGxYNC1eFngpn7AD3f14aKKTJVC6zSMtvj2dyCS; ardinRsN1mNYVeoJWTBsWeYeXvuR9UUDGMsCDKpb6AT; FAicXNV5FVqtfbpn4Zccs71XcfGeyxBSGbqLDyDJZjke,2026-07-05T10:58:57.000Z,2026-07-05T10:58:57.000Z,2026-07-05T10:59:02.000Z,2026-07-06T03:25:43.126Z,"✓ bought by 3 wallet(s); ✓ peak≈$12,340 >= floor $10,000 [history]; ✓ peak≈$12,340 <= ceiling $25,000; ✓ vol(h24)=$24,667 >= $10,000; ✓ chain=solana"
Bullpad,BULLPAD,31MQEJ4WhYzFAYMnnLh37n5MSRqGo2bjMdfF64Vapump,EU,Classified as EU using token creation time,2277.6,2277.6,12242.825610782511,12242.825610782511,history,12242.825610782511,13843.35,h24,,0.000002277,-11.43,121,122,pumpfun,HDZ42JyssNZADo3B6w7gxAt36tRndgpuvgsftJGA6XRC,https://dexscreener.com/solana/hdz42jyssnzado3b6w7gxat36trndgpuvgsftjga6xrc,PMJA8UQDyWTFw2Smhyp9jGA6aTaP7jKHR7BPudrgyYN,2026-07-05T13:04:12.000Z,2026-07-05T13:04:12.000Z,2026-07-05T13:04:14.000Z,2026-07-06T03:25:43.126Z,"✓ bought by 1 wallet(s); ✓ peak≈$12,243 >= floor $10,000 [history]; ✓ peak≈$12,243 <= ceiling $25,000; ✓ vol(h24)=$13,843 >= $10,000; ✓ chain=solana"
S◎Ldier,S◎Ldier,t2W6qVCZEZk6tXeRmBfrc3mQMoHK4iRuzdmDTSKpump,EU,Classified as EU using token creation time,2293.03,2293.03,12216.098070853195,12217.684135936719,history,12217.684135936719,45005.67,h24,,0.000002293,-16.31,512,458,pumpfun,H8pFpCAiJyXWgdFYDQaQHBm17keAE59VUXWYb3wnk97X,https://dexscreener.com/solana/h8pfpcaijyxwgdfydqaqhbm17keae59vuxwyb3wnk97x,ardinRsN1mNYVeoJWTBsWeYeXvuR9UUDGMsCDKpb6AT,2026-07-05T12:34:37.000Z,2026-07-05T12:34:37.000Z,2026-07-05T12:35:07.000Z,2026-07-06T03:25:43.126Z,"✓ bought by 1 wallet(s); ✓ peak≈$12,218 >= floor $10,000 [history]; ✓ peak≈$12,218 <= ceiling $25,000; ✓ vol(h24)=$45,006 >= $10,000; ✓ chain=solana"
The Hair Croissant,Croissant,BBSnN3F3PTgcibG3rrVNjJdHi9a6WaixjQKmy7GTpump,EU,Classified as EU using DEX Screener pairCreatedAt,2301.85,2301.85,12187.672268470986,12187.672268470986,history,12187.672268470986,54123.93,h24,,0.000002301,-39.48,645,566,pumpfun,rKV6bJpYvvyJvjpDYufoidZbjGZaXbhRShQHyyqDx6Q,https://dexscreener.com/solana/rkv6bjpyvvyjvjpdyufoidzbjgzaxbhrshqhyyqdx6q,VJSDW6S74YXR4rRR9P4xwhMvLZJQMhrUb8XMFirUsy1,,2026-07-05T05:04:23.000Z,2026-07-05T09:22:55.000Z,2026-07-06T03:25:43.126Z,"✓ bought by 1 wallet(s); ✓ peak≈$12,188 >= floor $10,000 [history]; ✓ peak≈$12,188 <= ceiling $25,000; ✓ vol(h24)=$54,124 >= $10,000; ✓ chain=solana"
Slapped,SLAPPED,6buNDsV8J44kkSdB9Vm6MSGPqDL7zEG4bGGLnsVppump,EU,Classified as EU using DEX Screener pairCreatedAt,2722.96,2722.96,12025.495794330172,12025.495794330172,history,12025.495794330172,46323.31,h24,,0.000002722,0.6,713,641,pumpfun,9HQ1TuE5BcFHWn6YL88LBjWSq91b4Fj8iu5HdjjgHPWX,https://dexscreener.com/solana/9hq1tue5bcfhwn6yl88lbjwsq91b4fj8iu5hdjjghpwx,CXdZ6m2PotNq4D7zKK3af426ohGro1xingNuf68SoKmv; FM1YCKED2KaqB8Uat8aB1nsffR1vezr7s6FAEieXJgke; ardinRsN1mNYVeoJWTBsWeYeXvuR9UUDGMsCDKpb6AT; gangJEP5geDHjPVRhDS5dTF5e6GtRvtNogMEEVs91RV,,2026-07-05T09:29:15.000Z,2026-07-05T09:29:43.000Z,2026-07-06T03:25:43.126Z,"✓ bought by 4 wallet(s); ✓ peak≈$12,025 >= floor $10,000 [history]; ✓ peak≈$12,025 <= ceiling $25,000; ✓ vol(h24)=$46,323 >= $10,000; ✓ chain=solana"
The Selfish Meme,MEME,Fgm5pFNsqEjsg3R1MWBzoirZM3Yut7Lv3VgwKiEpump,EU,Classified as EU using token creation time,2267.48,2267.48,12012.892643728888,12012.892643728888,history,12012.892643728888,28055.71,h24,,0.000002267,-21.21,536,410,pumpfun,AwrLhYsqVf3198Kx4yayZmjAW4t3YqgWYcNJMhSkknA,https://dexscreener.com/solana/awrlhysqvf3198kx4yayzmjaw4t3yqgwycnjmhskkna,5PwAReW84atT9p3NkKv1aWMR4Fiq8DjFqo51QVVD4djQ; Hw5UKBU5k3YudnGwaykj5E8cYUidNMPuEewRRar5Xoc7; gangJEP5geDHjPVRhDS5dTF5e6GtRvtNogMEEVs91RV,2026-07-05T05:51:08.000Z,2026-07-05T05:51:08.000Z,2026-07-05T05:51:13.000Z,2026-07-06T03:25:43.126Z,"✓ bought by 3 wallet(s); ✓ peak≈$12,013 >= floor $10,000 [history]; ✓ peak≈$12,013 <= ceiling $25,000; ✓ vol(h24)=$28,056 >= $10,000; ✓ chain=solana"
Vamp Bull,VAMP,6q8eVWmKbiEhtv67x3nmLKNwVYHbYn3jRvKdxeYmpump,EU,Classified as EU using token creation time,2266.85,2266.85,11962.729252615334,11962.729252615334,history,11962.729252615334,18428.37,h24,,0.000002266,-5.68,221,228,pumpfun,8WpviwjRux4Bg7aKrvN326TXDw6qvdwhW4dVCUV4UBGX,https://dexscreener.com/solana/8wpviwjrux4bg7akrvn326txdw6qvdwhw4dvcuv4ubgx,VJSDW6S74YXR4rRR9P4xwhMvLZJQMhrUb8XMFirUsy1; D4yrdUWHTf2wUWr7TZc3gZdMLsZ77y6RfHN4U28etf1j,2026-07-05T11:07:28.000Z,2026-07-05T11:07:28.000Z,2026-07-05T11:07:31.000Z,2026-07-06T03:25:43.126Z,"✓ bought by 2 wallet(s); ✓ peak≈$11,963 >= floor $10,000 [history]; ✓ peak≈$11,963 <= ceiling $25,000; ✓ vol(h24)=$18,428 >= $10,000; ✓ chain=solana"
WoofWoof,WoofWoof,BQHCiBZbbM8z1FLQgr3jaiaXdkAQeYYojaoPKC1Epump,EU,Classified as EU using DEX Screener pairCreatedAt,2819.91,2819.91,11930.294103547778,11930.294103547778,history,11930.294103547778,49708.8,h24,,0.000002819,-5.43,906,742,pumpfun,FGe4wWwPv9eLuxpLEKCU4EB3aRD1ycT176YnCN4VXVMC,https://dexscreener.com/solana/fge4wwwpv9eluxplekcu4eb3ard1yct176yncn4vxvmc,4vw54BmAogeRV3vPKWyFet5yf8DTLcREzdSzx4rw9Ud9; ardinRsN1mNYVeoJWTBsWeYeXvuR9UUDGMsCDKpb6AT,,2026-07-05T13:20:49.000Z,2026-07-05T13:20:59.000Z,2026-07-06T03:25:43.126Z,"✓ bought by 2 wallet(s); ✓ peak≈$11,930 >= floor $10,000 [history]; ✓ peak≈$11,930 <= ceiling $25,000; ✓ vol(h24)=$49,709 >= $10,000; ✓ chain=solana"
Golden Elon,Elon,8jNy9KNBef3nBUFpiDhRkVoNoNddwwM2p7FwJ2Spump,EU,Classified as EU using token creation time,2273.46,2273.46,11849.40890680223,11849.40890680223,history,11849.40890680223,23691.97,h24,,0.000002273,-23.54,263,241,pumpfun,AwGFJBenwfEhQwmicZxAFJSgnQk6PxmW9Yv3n86nFwcR,https://dexscreener.com/solana/awgfjbenwfehqwmiczxafjsgnqk6pxmw9yv3n86nfwcr,D4yrdUWHTf2wUWr7TZc3gZdMLsZ77y6RfHN4U28etf1j,2026-07-05T11:31:18.000Z,2026-07-05T11:31:18.000Z,2026-07-05T11:31:24.000Z,2026-07-06T03:25:43.126Z,"✓ bought by 1 wallet(s); ✓ peak≈$11,849 >= floor $10,000 [history]; ✓ peak≈$11,849 <= ceiling $25,000; ✓ vol(h24)=$23,692 >= $10,000; ✓ chain=solana"
Solgames Buzz,BUZZ,5u1dXqcApPKvCRk7Ff5PtY6MdJY9PJHMVCMQYbEtpump,EU,Classified as EU using token creation time,2280.23,2280.23,11732.862186878156,11732.862186878156,history,11732.862186878156,13248.63,h24,,0.00000228,-36.45,172,137,pumpfun,oCS8cBLcPQJwscDxApuuXKabMLjqLQ8XAN22mCxFSVj,https://dexscreener.com/solana/ocs8cblcpqjwscdxapuuxkabmljqlq8xan22mcxfsvj,5PwAReW84atT9p3NkKv1aWMR4Fiq8DjFqo51QVVD4djQ; FhZmTCs7enzPDN1RpgJPUcZPfX6FKJ9uqj7ch2jtggGW,2026-07-05T06:13:27.000Z,2026-07-05T06:13:27.000Z,2026-07-05T06:13:31.000Z,2026-07-06T03:25:43.126Z,"✓ bought by 2 wallet(s); ✓ peak≈$11,733 >= floor $10,000 [history]; ✓ peak≈$11,733 <= ceiling $25,000; ✓ vol(h24)=$13,249 >= $10,000; ✓ chain=solana"
how it feels,feels,4RJPtqhvcbMrKXee1Ew6aqVAhR9vVpPoe2k6Q6XUpump,EU,Classified as EU using DEX Screener pairCreatedAt,2269.54,2269.54,11580.524633339961,11581.677746511969,history,11581.677746511969,51063.56,h24,,0.000002269,-40.3,792,572,pumpfun,HDA3wryogNAApQdMeh1aPJ8CYYriaohhrZie1Fc8Aeym,https://dexscreener.com/solana/hda3wryognaapqdmeh1apj8cyyriaohhrzie1fc8aeym,ardinRsN1mNYVeoJWTBsWeYeXvuR9UUDGMsCDKpb6AT; gangJEP5geDHjPVRhDS5dTF5e6GtRvtNogMEEVs91RV,,2026-07-05T09:04:44.000Z,2026-07-05T09:04:45.000Z,2026-07-06T03:25:43.126Z,"✓ bought by 2 wallet(s); ✓ peak≈$11,582 >= floor $10,000 [history]; ✓ peak≈$11,582 <= ceiling $25,000; ✓ vol(h24)=$51,064 >= $10,000; ✓ chain=solana"
AGiXT,AGIXT,44CZr48boKT7oWr8q3g3zgK7X2UNaekw41PDcKypCdyv,EU,Classified as EU using token creation time,3453.31,3453.31,11338.35460892323,11339.492510336628,history,11339.492510336628,14604.2,h24,,0.000003453,-4.33,194,129,pumpfun,3ywiF6jSh89eiiJFCZMpyEaCNMXYk6zVPVXHKG7cQYq2,https://dexscreener.com/solana/3ywif6jsh89eiijfczmpyeacnmxyk6zvpvxhkg7cqyq2,5PwAReW84atT9p3NkKv1aWMR4Fiq8DjFqo51QVVD4djQ; gangJEP5geDHjPVRhDS5dTF5e6GtRvtNogMEEVs91RV,2026-07-05T07:14:33.000Z,2026-07-05T07:14:33.000Z,2026-07-05T07:14:35.000Z,2026-07-06T03:25:43.126Z,"✓ bought by 2 wallet(s); ✓ peak≈$11,339 >= floor $10,000 [history]; ✓ peak≈$11,339 <= ceiling $25,000; ✓ vol(h24)=$14,604 >= $10,000; ✓ chain=solana"
Begwork,Begwork,86dBV44YjPvZLvtFv5XejEPhihecFCdrKprsraY2pump,EU,Classified as EU using token creation time,2254.25,2254.25,11304.583312428143,11304.583312428143,history,11304.583312428143,20950.09,h24,,0.000002254,-0.33,264,230,pumpfun,HHqkXS5Vk1RUZNb2dvE6KBebNGwzuP2DWbax83Rdv2Du,https://dexscreener.com/solana/hhqkxs5vk1ruznb2dve6kbebngwzup2dwbax83rdv2du,5PwAReW84atT9p3NkKv1aWMR4Fiq8DjFqo51QVVD4djQ; FhZmTCs7enzPDN1RpgJPUcZPfX6FKJ9uqj7ch2jtggGW,2026-07-05T06:04:09.000Z,2026-07-05T06:04:09.000Z,2026-07-05T06:05:07.000Z,2026-07-06T03:25:43.126Z,"✓ bought by 2 wallet(s); ✓ peak≈$11,305 >= floor $10,000 [history]; ✓ peak≈$11,305 <= ceiling $25,000; ✓ vol(h24)=$20,950 >= $10,000; ✓ chain=solana"
Cannes,Cannes,JCpBGUV1ehaTd2mruUuWK7Jv1QoumQourb111N6Fpump,EU,Classified as EU using token creation time,2270.79,2270.79,11294.833462094919,11295.271499103606,history,11295.271499103606,19106.34,h24,,0.00000227,-17.04,256,268,pumpfun,GaytPbErxUYvGrT5VZucNKPgTEs38hSvgcezVjkMpQid,https://dexscreener.com/solana/gaytpberxuyvgrt5vzucnkpgtes38hsvgcezvjkmpqid,PMJA8UQDyWTFw2Smhyp9jGA6aTaP7jKHR7BPudrgyYN,2026-07-05T13:12:12.000Z,2026-07-05T13:12:12.000Z,2026-07-05T13:12:14.000Z,2026-07-06T03:25:43.126Z,"✓ bought by 1 wallet(s); ✓ peak≈$11,295 >= floor $10,000 [history]; ✓ peak≈$11,295 <= ceiling $25,000; ✓ vol(h24)=$19,106 >= $10,000; ✓ chain=solana"
To Mars,MARS,2pbLh5guZwHBZqkAn1Ug3jnph1gesMXRLXknW5gNFyec,EU,Classified as EU using token creation time,2296.37,2296.37,11271.037279962662,11272.801050367656,history,11272.801050367656,18545.23,h24,,0.000002296,-36.08,322,253,pumpfun,8z6SxJsKP6LFSnaPXmGK3T8o26JB8cf2stgSMGnxhZpW,https://dexscreener.com/solana/8z6sxjskp6lfsnapxmgk3t8o26jb8cf2stgsmgnxhzpw,PMJA8UQDyWTFw2Smhyp9jGA6aTaP7jKHR7BPudrgyYN,2026-07-05T03:49:18.000Z,2026-07-05T03:49:18.000Z,2026-07-05T03:49:24.000Z,2026-07-06T03:25:43.126Z,"✓ bought by 1 wallet(s); ✓ peak≈$11,273 >= floor $10,000 [history]; ✓ peak≈$11,273 <= ceiling $25,000; ✓ vol(h24)=$18,545 >= $10,000; ✓ chain=solana"
StackSats,StackSats,3X6S2qkpbAyyG2nWuGuroatZ3DXLZhYEdVRfFeGKpump,EU,Classified as EU using token creation time,2313.87,2313.87,11265.475172439721,11265.475172439721,history,11265.475172439721,39650.45,h24,,0.000002313,-18.66,642,503,pumpfun,4m8AwnNezUun6y8DMfJjvjLTjPxzQUqkRevfqXrFBniT,https://dexscreener.com/solana/4m8awnnezuun6y8dmfjjvjltjpxzquqkrevfqxrfbnit,5PwAReW84atT9p3NkKv1aWMR4Fiq8DjFqo51QVVD4djQ; D4yrdUWHTf2wUWr7TZc3gZdMLsZ77y6RfHN4U28etf1j,2026-07-05T07:28:18.000Z,2026-07-05T07:28:18.000Z,2026-07-05T07:28:21.000Z,2026-07-06T03:25:43.126Z,"✓ bought by 2 wallet(s); ✓ peak≈$11,265 >= floor $10,000 [history]; ✓ peak≈$11,265 <= ceiling $25,000; ✓ vol(h24)=$39,650 >= $10,000; ✓ chain=solana"
HOG Coin,HOG,8LxGXjsKDyxYVfRTKKUhaF8W7yJZ7JBxpVjK6wskpump,EU,Classified as EU using token creation time,2272.79,2272.79,11257.178762175103,11257.178762175103,history,11257.178762175103,29469.36,h24,,0.000002272,-11.58,531,461,pumpfun,3NQCnGXDakiP5edLMAN26JoCpGkytGAwh2BSRoD1g3Lx,https://dexscreener.com/solana/3nqcngxdakip5edlman26jocpgkytgawh2bsrod1g3lx,DfMxre4cKmvogbLrPigxmibVTTQDuzjdXojWzjCXXhzj; FhZmTCs7enzPDN1RpgJPUcZPfX6FKJ9uqj7ch2jtggGW; HZXdwRRw27kfpYtTqc7bMfrRgK3LSUaiKDFtqoEihik8,2026-07-05T04:45:23.000Z,2026-07-05T04:45:23.000Z,2026-07-05T04:45:54.000Z,2026-07-06T03:25:43.126Z,"✓ bought by 3 wallet(s); ✓ peak≈$11,257 >= floor $10,000 [history]; ✓ peak≈$11,257 <= ceiling $25,000; ✓ vol(h24)=$29,469 >= $10,000; ✓ chain=solana"
mister bis ,misterbis,h53m8BvAQK5r2upHRr791sHev24uMaDEGxChW5spump,EU,Classified as EU using token creation time,2661.66,2661.66,11229.80057598286,11231.614243859904,history,11231.614243859904,22621.44,h24,,0.000002661,12.19,292,232,pumpfun,9cmS3dWBBo6iLjistZADQTtSZJmkVDEFunBkNNDGM2F4,https://dexscreener.com/solana/9cms3dwbbo6iljistzadqttszjmkvdefunbknndgm2f4,CfkaAru9ArJ2tAStYHvbAyRBJL3EhDzsWYV2KYg9shxB,2026-07-01T10:59:11.000Z,2026-07-01T10:59:11.000Z,2026-07-05T16:11:45.000Z,2026-07-06T03:25:43.126Z,"✓ bought by 1 wallet(s); ✓ peak≈$11,232 >= floor $10,000 [history]; ✓ peak≈$11,232 <= ceiling $25,000; ✓ vol(h24)=$22,621 >= $10,000; ✓ chain=solana"
Unvampabull,Unvampabull,DdZjbn93UXKRd3EnY6zmnfUGuUygwVvqhjikLseMpump,EU,Classified as EU using DEX Screener pairCreatedAt,2274.52,2274.52,11099.606955123561,11100.3115383629,history,11100.3115383629,26712.16,h24,,0.000002274,-25.73,279,293,pumpfun,GH9rhGi4G1pVwiQMxNhyfj3hPEdDPGef9uJMBK3Z4uNw,https://dexscreener.com/solana/gh9rhgi4g1pvwiqmxnhyfj3hpeddpgef9ujmbk3z4unw,VJSDW6S74YXR4rRR9P4xwhMvLZJQMhrUb8XMFirUsy1,,2026-07-05T11:09:45.000Z,2026-07-05T11:09:59.000Z,2026-07-06T03:25:43.126Z,"✓ bought by 1 wallet(s); ✓ peak≈$11,100 >= floor $10,000 [history]; ✓ peak≈$11,100 <= ceiling $25,000; ✓ vol(h24)=$26,712 >= $10,000; ✓ chain=solana"
The Americans,Americans,8b1iAB8pBULbVvFmkX4VYdeyA5rHGjVb4QJ6hTCCpump,EU,Classified as EU using DEX Screener pairCreatedAt,2262.16,2262.16,11080.022882476816,11080.076303152739,history,11080.076303152739,27360.09,h24,,0.000002262,-16.16,350,322,pumpfun,EPYfrk4ZYS5cM7vj5rakgNMf6NAqE6SBmWa3mAtmsd21,https://dexscreener.com/solana/epyfrk4zys5cm7vj5rakgnmf6naqe6sbmwa3matmsd21,ardinRsN1mNYVeoJWTBsWeYeXvuR9UUDGMsCDKpb6AT; gangJEP5geDHjPVRhDS5dTF5e6GtRvtNogMEEVs91RV,,2026-07-05T09:45:29.000Z,2026-07-05T09:45:42.000Z,2026-07-06T03:25:43.126Z,"✓ bought by 2 wallet(s); ✓ peak≈$11,080 >= floor $10,000 [history]; ✓ peak≈$11,080 <= ceiling $25,000; ✓ vol(h24)=$27,360 >= $10,000; ✓ chain=solana"
MACHI,MACHI,J75xuWbCW2cQf6gnb6wsJAyZMaybgarteJsE3kcpump,EU,Classified as EU using token creation time,2354.85,2354.85,11016.684501123582,11016.684501123582,history,11016.684501123582,19670.46,h24,,0.000002354,-2.7,268,277,pumpfun,6Bu2F2hLNy5RNaCysMysbSsCHM6rJjJ1ULyUJYhDk5QQ,https://dexscreener.com/solana/6bu2f2hlny5rnacysmysbsschm6rjjj1ulyujyhdk5qq,suqh5sHtr8HyJ7q8scBimULPkPpA557prMG47xCHQfK; FxN3VZ4BosL5urG2yoeQ156JSdmavm9K5fdLxjkPmaMR; 2fg5QD1eD7rzNNCsvnhmXFm5hqNgwTTG8p7kQ6f3rx6f,2026-07-05T14:33:38.000Z,2026-07-05T14:33:38.000Z,2026-07-05T14:37:11.000Z,2026-07-06T03:25:43.126Z,"✓ bought by 3 wallet(s); ✓ peak≈$11,017 >= floor $10,000 [history]; ✓ peak≈$11,017 <= ceiling $25,000; ✓ vol(h24)=$19,670 >= $10,000; ✓ chain=solana"
DegenerateGamblingAddictBull,DGAB,2xqZFLiU9cZv73aUNhK93H7GpzW8k8ydLhtMiwYppump,EU,Classified as EU using DEX Screener pairCreatedAt,2273.46,2273.46,10948.984088300946,10948.984088300946,history,10948.984088300946,33678.66,h24,,0.000002273,-19.54,396,336,pumpfun,9Cobcz3dntZ4b7QRJ9NRGDExoDfnQ3BAuiLLRtztsWz2,https://dexscreener.com/solana/9cobcz3dntz4b7qrj9nrgdexodfnq3bauillrtztswz2,99xnE2zEFi8YhmKDaikc1EvH6ELTQJppnqUwMzmpLXrs,,2026-07-05T11:53:35.000Z,2026-07-05T11:53:36.000Z,2026-07-06T03:25:43.126Z,"✓ bought by 1 wallet(s); ✓ peak≈$10,949 >= floor $10,000 [history]; ✓ peak≈$10,949 <= ceiling $25,000; ✓ vol(h24)=$33,679 >= $10,000; ✓ chain=solana"
The Miserable Cat,TMC,neuZZ66Fy7LKa1Ck3S9gFTA9bzc6r496whRcC3Kpump,EU,Classified as EU using token creation time,2511.07,2511.07,10892.824972846767,10892.824972846767,history,10892.824972846767,27938.82,h24,,0.000002511,-12.97,445,350,pumpfun,5G1vFvHuVSRU5pM61LXMbkKGxHFtrjcrMFGRUTuVtafq,https://dexscreener.com/solana/5g1vfvhuvsru5pm61lxmbkkgxhftrjcrmfgrutuvtafq,71PCu3E4JP5RDBoY6wJteqzxkKNXLyE1byg5BTAL9UtQ; D4yrdUWHTf2wUWr7TZc3gZdMLsZ77y6RfHN4U28etf1j,2026-07-05T07:42:47.000Z,2026-07-05T07:42:47.000Z,2026-07-05T07:43:34.000Z,2026-07-06T03:25:43.126Z,"✓ bought by 2 wallet(s); ✓ peak≈$10,893 >= floor $10,000 [history]; ✓ peak≈$10,893 <= ceiling $25,000; ✓ vol(h24)=$27,939 >= $10,000; ✓ chain=solana"
Trenchaholic,Trenchaholic,H9DjcgaVCeaSQMSyFSapPt6yAfPRKZdqp65QndgKpump,EU,Classified as EU using token creation time,2278.6,2278.6,10848.611167155634,10849.104924998821,history,10849.104924998821,32892.6,h24,,0.000002278,-16.43,523,446,pumpfun,DSw2SmhbQKfSiSA9NpXcJSzENnTuBBcR5Tt6NxmJzNsS,https://dexscreener.com/solana/dsw2smhbqkfsisa9npxcjszenntubbcr5tt6nxmjznss,ardinRsN1mNYVeoJWTBsWeYeXvuR9UUDGMsCDKpb6AT,2026-07-05T08:47:25.000Z,2026-07-05T08:47:25.000Z,2026-07-05T08:48:13.000Z,2026-07-06T03:25:43.126Z,"✓ bought by 1 wallet(s); ✓ peak≈$10,849 >= floor $10,000 [history]; ✓ peak≈$10,849 <= ceiling $25,000; ✓ vol(h24)=$32,893 >= $10,000; ✓ chain=solana"
Bull Market,BULLMARKET,6uSnqHbNf63v9RLtpvbv9vfSefG2vczFbXqX3cu2pump,EU,Classified as EU using DEX Screener pairCreatedAt,2293.5,2293.5,10797.799900393826,10800.033730414034,history,10800.033730414034,35128.85,h24,,0.000002293,-11.46,580,529,pumpfun,2tpbEPcJZjLj5ZAHAKigD4pqeMtiTuPSCYqbTbBL5CrR,https://dexscreener.com/solana/2tpbepcjzjlj5zahakigd4pqemtitupscyqbtbbl5crr,PMJA8UQDyWTFw2Smhyp9jGA6aTaP7jKHR7BPudrgyYN; ardinRsN1mNYVeoJWTBsWeYeXvuR9UUDGMsCDKpb6AT,,2026-07-05T11:54:24.000Z,2026-07-05T11:54:27.000Z,2026-07-06T03:25:43.126Z,"✓ bought by 2 wallet(s); ✓ peak≈$10,800 >= floor $10,000 [history]; ✓ peak≈$10,800 <= ceiling $25,000; ✓ vol(h24)=$35,129 >= $10,000; ✓ chain=solana"
Cannes,Cannes,FkAWkCf8F1mp8uDtxrhMsui8XzGwqB4GMpR6jqH2pump,EU,Classified as EU using token creation time,2444.12,2444.12,10721.22105371442,10721.22105371442,history,10721.22105371442,28218.48,h24,,0.000002444,-20.62,330,317,pumpfun,Fgu7fUnueYZbDqKs4RVxBoydkjPr3e7hvc3vC6NSUWA,https://dexscreener.com/solana/fgu7funueyzbdqks4rvxboydkjpr3e7hvc3vc6nsuwa,FRbUNvGxYNC1eFngpn7AD3f14aKKTJVC6zSMtvj2dyCS; 6S8GezkxYUfZy9JPtYnanbcZTMB87Wjt1qx3c6ELajKC,2026-07-05T13:11:15.000Z,2026-07-05T13:11:15.000Z,2026-07-05T13:11:28.000Z,2026-07-06T03:25:43.126Z,"✓ bought by 2 wallet(s); ✓ peak≈$10,721 >= floor $10,000 [history]; ✓ peak≈$10,721 <= ceiling $25,000; ✓ vol(h24)=$28,218 >= $10,000; ✓ chain=solana"
SafeMars,SAFEMARS,GQzMiXiyMbq2RjXcykdgTAX9P91cFbkie9KoUjuTMARS,EU,Classified as EU using token creation time,2402.68,2402.68,10663.996490576867,10665.111602074268,history,10665.111602074268,36092.23,h24,,0.000002402,-0.06,572,433,pumpfun,EpwiUfyQyu3YentRnP5DR8FnKRPFqJuR96Y7KjD3xxUc,https://dexscreener.com/solana/epwiufyqyu3yentrnp5dr8fnkrpfqjur96y7kjd3xxuc,FM1YCKED2KaqB8Uat8aB1nsffR1vezr7s6FAEieXJgke,2026-07-05T04:12:24.000Z,2026-07-05T04:12:24.000Z,2026-07-05T04:15:09.000Z,2026-07-06T03:25:43.126Z,"✓ bought by 1 wallet(s); ✓ peak≈$10,665 >= floor $10,000 [history]; ✓ peak≈$10,665 <= ceiling $25,000; ✓ vol(h24)=$36,092 >= $10,000; ✓ chain=solana"
IGGY SEXY KOALA,IGGY,Qd7fdSgqA4qYbAMEgWv4Bs1hgHFzPm41TNAiJ4hpump,EU,Classified as EU using token creation time,2320.22,2320.22,10559.602867996098,10561.954231934045,history,10561.954231934045,12249.82,h24,,0.00000232,-71.45,122,112,pumpfun,9C8DHZCKk7LmcsAUDLoHbEDvf6p7t2mY8VzQ5YAtUvC3,https://dexscreener.com/solana/9c8dhzckk7lmcsaudlohbedvf6p7t2my8vzq5yatuvc3,CXdZ6m2PotNq4D7zKK3af426ohGro1xingNuf68SoKmv,2026-07-05T06:30:18.000Z,2026-07-05T06:30:18.000Z,2026-07-05T08:21:24.000Z,2026-07-06T03:25:43.126Z,"✓ bought by 1 wallet(s); ✓ peak≈$10,562 >= floor $10,000 [history]; ✓ peak≈$10,562 <= ceiling $25,000; ✓ vol(h24)=$12,250 >= $10,000; ✓ chain=solana"
AGiXT,AGiXT,CgN3VGP73i41Zyh2WWZFw898ooNrWiNmTJxkXhuipump,EU,Classified as EU using token creation time,2615.97,2615.97,10414.180909757333,10414.180909757333,history,10414.180909757333,23352.35,h24,,0.000002615,5.14,254,264,pumpfun,2CWnZXyrCqAS2QUhMXwQWBgnNJ9fjytTgVi9rqFowkrD,https://dexscreener.com/solana/2cwnzxyrcqas2quhmxwqwbgnnj9fjyttgvi9rqfowkrd,FhZmTCs7enzPDN1RpgJPUcZPfX6FKJ9uqj7ch2jtggGW,2026-07-03T13:18:41.000Z,2026-07-03T13:18:41.000Z,2026-07-05T06:52:37.000Z,2026-07-06T03:25:43.126Z,"✓ bought by 1 wallet(s); ✓ peak≈$10,414 >= floor $10,000 [history]; ✓ peak≈$10,414 <= ceiling $25,000; ✓ vol(h24)=$23,352 >= $10,000; ✓ chain=solana"
Mugens Mafia,MAFIA,59JeXtY8FqeMGqXYwjkXKx4Vm1t8HubWtiKWcHpApump,EU,Classified as EU using token creation time,2289.29,2289.29,10266.615413608166,10269.502937691072,history,10269.502937691072,31367.93,h24,,0.000002289,-16.23,496,434,pumpfun,H26KSpkAy2VGt2DdRPjinDdxLWnz4rpw4pHrfpXnUgHL,https://dexscreener.com/solana/h26kspkay2vgt2ddrpjinddxlwnz4rpw4phrfpxnughl,BTf4A2exGK9BCVDNzy65b9dUzXgMqB4weVkvTMFQsadd; 71PCu3E4JP5RDBoY6wJteqzxkKNXLyE1byg5BTAL9UtQ; Bi4rd5FH5bYEN8scZ7wevxNZyNmKHdaBcvewdPFxYdLt; HZXdwRRw27kfpYtTqc7bMfrRgK3LSUaiKDFtqoEihik8,2026-07-05T04:49:14.000Z,2026-07-05T04:49:14.000Z,2026-07-05T04:49:26.000Z,2026-07-06T03:25:43.126Z,"✓ bought by 4 wallet(s); ✓ peak≈$10,270 >= floor $10,000 [history]; ✓ peak≈$10,270 <= ceiling $25,000; ✓ vol(h24)=$31,368 >= $10,000; ✓ chain=solana"
Peigengoo,Peigengoo,2XJ8qbmKzV68sTgM5zQ63zU9akTdfVcC6TmamrVtpump,EU,Classified as EU using DEX Screener pairCreatedAt,2268.9,2268.9,10170.211478595445,10170.211478595445,history,10170.211478595445,23486.47,h24,,0.000002268,-26.51,256,283,pumpfun,9pvDvZyQeQENmg5otUKgpdeHtDecjuD4B9WDXwvszxhe,https://dexscreener.com/solana/9pvdvzyqeqenmg5otukgpdehtdecjud4b9wdxwvszxhe,PMJA8UQDyWTFw2Smhyp9jGA6aTaP7jKHR7BPudrgyYN; 4vw54BmAogeRV3vPKWyFet5yf8DTLcREzdSzx4rw9Ud9,,2026-07-05T13:54:56.000Z,2026-07-05T13:55:00.000Z,2026-07-06T03:25:43.126Z,"✓ bought by 2 wallet(s); ✓ peak≈$10,170 >= floor $10,000 [history]; ✓ peak≈$10,170 <= ceiling $25,000; ✓ vol(h24)=$23,486 >= $10,000; ✓ chain=solana"
WINNING AND KEEP WINNING,WINNING,4ypS7Lp4atWnpeduEjttfKqmTYRznovtmEZXbVXzpump,EU,Classified as EU using token creation time,2292.9,2292.9,10113.878339920006,10113.878339920006,history,10113.878339920006,26409.48,h24,,0.000002292,-7.52,423,365,pumpfun,kRPh6BsGC5CbiAGoiDBGaUnRePrLsL5fteuBh3WvD1K,https://dexscreener.com/solana/krph6bsgc5cbiagoidbgaunreprlsl5fteubh3wvd1k,4vw54BmAogeRV3vPKWyFet5yf8DTLcREzdSzx4rw9Ud9,2026-07-05T03:35:06.000Z,2026-07-05T03:35:06.000Z,2026-07-05T03:36:26.000Z,2026-07-06T03:25:43.126Z,"✓ bought by 1 wallet(s); ✓ peak≈$10,114 >= floor $10,000 [history]; ✓ peak≈$10,114 <= ceiling $25,000; ✓ vol(h24)=$26,409 >= $10,000; ✓ chain=solana"
Make Mona Lisa Great Again,MMLGA,93VSHb7LtyeW9JpjkYi7v6BsoUJ3utn467nySabZpump,EU,Classified as EU using DEX Screener pairCreatedAt,2284.9,2284.9,10085.479782954644,10085.479782954644,history,10085.479782954644,28987.98,h24,,0.000002284,-39.08,393,329,pumpfun,DnQiuUy3ktSdSqWyjwD2Q42ZsKGeHnYrGDFhgfckwqXX,https://dexscreener.com/solana/dnqiuuy3ktsdsqwyjwd2q42zskgehnyrgdfhgfckwqxx,FM1YCKED2KaqB8Uat8aB1nsffR1vezr7s6FAEieXJgke; 5ZuV8eqkvzYFVEKbLvGBdexL2tFv7E5BCd2HZpjqbdg,,2026-07-05T10:00:41.000Z,2026-07-05T10:00:41.000Z,2026-07-06T03:25:43.126Z,"✓ bought by 2 wallet(s); ✓ peak≈$10,085 >= floor $10,000 [history]; ✓ peak≈$10,085 <= ceiling $25,000; ✓ vol(h24)=$28,988 >= $10,000; ✓ chain=solana"
ARSEM,ARSEM,2GN69aS84JZZ2YeVBBPTFMcy1QVShg5yCpigLEuwpump,EU,Classified as EU using token creation time,5611.41,5611.41,10000.743286009601,10000.743286009601,history,10000.743286009601,10077.17,h24,,0.000005611,96.01,216,140,pumpfun,FfvbWiSg5Bs2r5ARzaxegvDs38jWAiqrCgxUJL2esWft,https://dexscreener.com/solana/ffvbwisg5bs2r5arzaxegvds38jwaiqrcgxujl2eswft,CXdZ6m2PotNq4D7zKK3af426ohGro1xingNuf68SoKmv,2026-06-29T08:35:36.000Z,2026-06-29T08:35:36.000Z,2026-07-05T21:03:13.000Z,2026-07-06T03:25:43.126Z,"✓ bought by 1 wallet(s); ✓ peak≈$10,001 >= floor $10,000 [history]; ✓ peak≈$10,001 <= ceiling $25,000; ✓ vol(h24)=$10,077 >= $10,000; ✓ chain=solana"
